_0IqQzgJ5_g,Britney totally drunk,pointg,Entertainment,673,117,861,2,4,0,1
__vYRtX30cA,B526,cryspie,News & Politics,754,361,9919,4.77,31,56,0
_14zZMrPvB0,A623,turbopowerdmaxsteel,Gadgets & Games,682,119,2202,1.7,3,11,1
_1M6NaFzQ60,B41,RussianBoy69,People & Blogs,622,158,26489,4.56,144,269,0
_4hhATK02s0,A598,TheShend,Gadgets & Games,770,131,445,1.8,2,1,1
_A5HjUUc7Vw,C75,tincu,Autos & Vehicles,743,900,12973,4.96,81,28,0
_BB7kUUKVN0,B367,JayMJ23,Sports,376,23,86196,4.84,133,71,0
_bQYZ2BSMFM,A119,gy65,Sports,753,22,1672,0,0,0,1
_BXn2ekbGhE,B237,alxking,Music,622,207,34544,4.93,136,96,0
_Dc_2QWKyC4,C81,dailinjie,Film & Animation,744,598,12462,4.74,47,23,0
_ddk4WiFEIo,B575,rozstics,Music,625,260,14189,3.35,54,53,0
_ecEubCTse8,B440,ourben,People & Blogs,750,466,828,4.11,63,64,0
_EiMuPuHX8k,B231,metrikerm,Howto & DIY,788,114,6013,1.69,95,98,0
_f7AevvZNRk,B573,adultswimdotcom,Comedy,689,49,122578,4.06,113,53,0
_I2mFwW35zM,B426,coryfan,Entertainment,782,198,18658,4.61,59,65,0
_jOhx7U_UHk,A37,fcbarcelona,Sports,777,81,1279,0,0,0,1
_kTyVreyZUY,C26,timsheehan32002,Sports,743,11,27626,3.94,17,18,0
_NPg-BdIXGQ,A148,skinsfan188,News & Politics,792,73,65,1.4,1,0,1
_Nrq6omYPWk,A630,angelhair5000, UNA ,0,113,4499,1.8,55,32,1
_on9SI-ffc0,A433,Ken34,Gadgets & Games,562,79,1221,1.5,5,3,1
_p6qx782OWc,B523,TournyKing42,Entertainment,587,1299,52121,4.82,197,57,0
_QXc2YGhYmo,B159,lvlaty,Comedy,662,64,36551,4.68,87,121,0
_uWjPkJCbe0,A9,avut,Gadgets & Games,553,259,1205,4.33,3,4,1
_V1lYUDXYgg,A237,mynamesdenvrmax,Gadgets & Games,560,60,15674,1.6,64,34,1
_Vvu4siDh60,B13,SasukesHopeSakura278,Film & Animation,620,179,149592,4.73,435,493,0
_WgvJE3c5z4,B406,gurselpal,Music,747,245,166721,4.77,225,67,0
0_W0hvG9_ho,A45,fcbarcelona,Sports,777,92,1826,0,0,0,1
01_LHrG3Wuk,B391,CentralBeats,Music,781,358,36665,4.26,57,69,0
01lntWJImF8,B82,ryuukotsuseii,Comedy,401,25,137661,4.75,419,177,0
01XDT_makPM,A72,Localdrummerweb,People & Blogs,792,219,635,1,1,2,1
04NAa_79bHU,B389,t0bse,Pets & Animals,443,38,251678,4.8,310,69,0
05dSlYezssI,C153,masterb8tr,Film & Animation,744,592,5691,4.97,94,33,0
06nqPn8a-Wg,C161,Zarukclan,Film & Animation,738,1384,53893,4.86,294,120,0
07jnqD8wvyE,B206,expertvillage,Howto & DIY,776,217,19836,4.66,90,106,0
0A9eIjRO3W0,C12,hohoetal,Comedy,743,93,43891,1.89,104,41,0
0AYKxHqQ5wg,A117,hsmfan707,Entertainment,792,71,728,3.4,10,18,1
0cSuidxE8os,B386,hokie4lyfe,News & Politics,791,224,10475,4.65,104,69,0
0HR1XR09VVU,A513,shaikhcons,Pets & Animals,757,65,1105,3,2,1,1
0hrWpKuClVE,A290,RpgKrazy32,Gadgets & Games,697,125,183,1,1,0,1
0KKiitd1bBw,B487,leonrabon,Autos & Vehicles,695,236,18485,4.25,36,60,0
0KS2DxNUBVU,B185,lebofou01,Autos & Vehicles,563,86,422496,4.34,379,112,0
0njrTo__NcM,B477,iagotr,Music,568,196,34607,4.39,250,61,0
0N-Qngvc5Ec,C112,TianaMarcelliFlores,Music,744,170,999,4.95,144,6,0
0quUvgtNt3o,A47,fcbarcelona,Sports,776,79,1851,0,0,0,1
0Sayk30ebYY,B245,UBGbiatch,Music,710,301,57257,4.88,261,93,0
0wZN1QQxqF4,A289,pakodeportes2,Sports,758,61,1275,0,0,0,1
0ZFIWQ3PM8w,B585,Sweetie2325,People & Blogs,683,32,15960,3.2,10,52,0
11QnvEcQlkY,C40,amyceltic,Pets & Animals,743,17,20812,2.16,153,122,0
12TzS1tRtvI,A324,flimzee00,Gadgets & Games,584,11,3980,4.8,5,3,1
13YxMcZapWE,B474,PS2queen,Film & Animation,625,339,21172,4.68,104,62,0
19pWHLWuP84,B139,Chagrinmuse,Music,687,222,73994,4.65,299,133,0
1AUYJYu8gNs,A40,fcbarcelona,Sports,777,72,1631,0,0,0,1
1bIkRwCn-ts,A576,NabaMediaDesign,Film & Animation,769,13,77,0,0,0,1
1gFJ6prywuc,A269,tripp1987,Travel & Places,551,115,8712,3.38,8,10,1
1IGjsloTgXc,A348,wtarbaby,News & Politics,785,91,1613,1.4,1,10,1
1kirpktgH1A,B581,tdnchannel,Entertainment,742,124,8023,4.76,21,52,0
1Ldi4Ku-NlE,B222,thosetwogirls,Gadgets & Games,485,104,17378,4.81,167,100,0
1NT3IY3jelU,A412,kikko,Gadgets & Games,334,83,650,2.9,10,0,1
1oLinsj49Tw,B306,Robbo42,Music,548,166,47898,4.89,219,80,0
1oSUmT3lipI,B204,ghalanawi88,Music,771,237,23174,4.54,48,107,0
1q36vTs5hDo,B429,slluggo,Gadgets & Games,687,263,5122,4.14,22,65,0
1rcy0kV99i4,A138,whitehartentertain,Film & Animation,600,85,2304,4.81,26,18,1
1RElfq-jaQg,A20,reusito,Sports,793,22,7,0,0,0,1
1rs-IzvNnls,C72,p0ntsa,Music,744,326,13184,4.93,204,51,0
1sfMDSX7lOU,B328,sexymilfjenna, UNA ,0,333,118333,3.62,316,76,0
1SKPA0L--hQ,B446,SonnetQ,Film & Animation,557,576,57230,4.87,362,64,0
1U8AWce4kGw,A607,RyanDNB,Howto & DIY,741,262,799,0,0,0,1
1uEJgRpJAa8,C160,Karla193,Entertainment,745,447,612,4.83,96,70,0
1upkAzV2chI,A385,RockHoward360,Gadgets & Games,624,265,8750,2,17,9,1
1Vsxj-5VRsU,A409,Ken34,Gadgets & Games,562,82,552,1.8,1,0,1
1WXn6HACXV0,A461,BladeReaperX,Film & Animation,579,36,11583,1.8,24,9,1
1XfO4o2PHjE,B135,Sibus,Film & Animation,554,223,49275,4.7,200,135,0
1YOrUsdGDLs,B236,radrico,Music,767,235,843,4.75,40,96,0
1Ytcw2e6ZF8,B408,crackerjackcheese1,Music,784,252,21693,4.48,104,67,0
1z7REgCePEw,B468,jezuzfreek777,People & Blogs,791,551,513,4.3,40,62,0
1ZQEiuvarGU,B153,juliansuarezlopera,Comedy,538,33,274710,4.55,219,125,0
26asywDzdkk,A233,flimzee00,Gadgets & Games,581,207,3556,4,5,3,1
2Avbh5fb8nY,B18,djkayris, UNA ,0,42,118135,4.21,205,416,0
2B3ciBXGu0k,B444,gamagenin,Comedy,750,318,47302,4.79,176,64,0
2bxQQLBO7jI,B47,FastFoodTV,People & Blogs,777,88,178363,3.54,564,248,0
2ejedL3LII8,B212,hinderfanz,Music,783,84,67521,4.78,206,104,0
2EpyrKSKmbg,B69,PoliticalAbomination,Entertainment,726,136,72178,4.74,191,194,0
2f5TviOVhIs,A350,alexandercarneiro,Comedy,774,90,2330,1.54,183,0,1
2Fw0Mpe_EUA,Vtech killer speaks out,bestofalltheanimals,News & Politics,793,20,1017,3.67,3,4,1
2gAlr5rqdCw,A39,fcbarcelona,Sports,777,97,862,0,0,0,1
2GTLwENShSw,B553,mmhmmitskasey,Music,501,42,15026,5,51,55,0
2KfDS1X5Ulw,A15,avut,Gadgets & Games,552,45,1163,0,7,2,1
2l0R-OMsdSI,B513,yumyumyummieee,Comedy,733,204,75938,4.87,295,58,0
2PpuUC41vHI,C99,ysabellabrave,Music,744,148,11359,4.49,596,364,0
2SuKU6cb9d0,C167,khayav,Comedy,745,90,372,4.72,64,150,0
2UYH59XC-5Y,A594,Jaydamis,Comedy,768,242,59,0,0,0,1
2vek7d1ZTes,B66,Sturmfalke1975,News & Politics,737,250,36005,4.8,225,196,0
2YASkZUhQxU,A247,youthinkyounome,Entertainment,753,239,1419,1.7,1,0,1
2yVP0k4TcQg,B498,thatkidparker,Entertainment,777,412,9469,4.56,77,59,0
305jKrU-uQM,C13,ganggeneral,Music,744,250,40078,4.16,212,180,0
309P8EpGIXE,B24,IronDragon,People & Blogs,594,187,63452,4.64,446,358,0
31Aqao9vPjE,A206,vadimivich,Sports,351,175,3362,1.5,3,0,1
31kW5tni9ng,A528,screwattack,Gadgets & Games,430,129,24671,1.6,45,33,1
34irJQn0eVo,A593,barcarodde,Sports,724,29,1858,4.77,31,28,1
35gbUVxoFl0,B200,willworkforwwe,News & Politics,790,241,24135,4.73,145,108,0
-37lbtJoPyg,B436,oxking0815,People & Blogs,702,446,34413,4.75,63,65,0
39MCSk5svMc,C115,CIoudywolf,Film & Animation,744,639,7548,4.91,137,57,0
3bRaTMs6sUc,B199,Rhinogasm,Comedy,422,142,23469,3.31,58,109,0
3b-TcDw19tM,C52,zaman4242,Comedy,743,549,16301,4.81,81,13,0
3cqOJbZDLXE,A50,tik4589,News & Politics,790,46,9002,3.16,70,127,1
3cqOJbZDLXE,B147,tik4589,News & Politics,790,541,9002,3.16,70,127,0
3Cy9IirNu98,C159,IanH,People & Blogs,744,14,1390,4.13,131,98,0
3cYg5RYQHJk,A279,DarkFulgore,Gadgets & Games,586,195,7321,1.5,8,16,1
3gh8oGF4iXQ,B259,Gotfong,News & Politics,785,465,2738,4.91,22,88,0
3gUsRJ6xobs,A306,miclolord,News & Politics,792,10,328,1,1,4,1
3HKhEN2TZHs,C62,NancyPelosi,News & Politics,744,403,14519,4.73,64,18,0
3hRrLdfO-sY,C185,zakgeorge21,People & Blogs,743,320,1401,4.73,60,83,0
3kDH1wrxHjk,B229,drjac,Entertainment,520,39,113700,4.78,134,98,0
3kx6FeDvMb8,C15,AnimeUploader320,Film & Animation,744,651,36913,4.88,444,204,0
3L2Q1TMffK0,B125,keitarokeiaru,Comedy,663,76,221881,1.58,108,144,0
3LpVTUBENg4,B91,PraiseWebsite,People & Blogs,574,208,32821,4.36,94,172,0
3tNbAEUshfs,A330,cechjakpoleno,Sports,772,100,535,1.5,12,8,1
3tntH2Qgf_4,C109,SmallvilleFanTop40,Entertainment,743,20,1205,4.58,184,9,0
3-tSQppgAgc,B445,Adaamski,Music,615,145,6163,4.64,45,64,0
3uN_EagdUPM,B174,vince2007marine, UNA ,0,219,32661,4.36,113,115,0
3UwK8ahtcUI,B351,jizzzlyn,Music,303,75,30325,3.47,98,73,0
3vaaIiYouGA,B580,thunder881,Howto & DIY,524,59,18584,4.38,153,52,0
3zf1mstpCiE,C127,spricket24,Comedy,744,226,1352,4.48,147,115,0
41orqvymPA8,B218,mambarock,Music,762,281,36109,4.93,191,102,0
4A9MPB37Ptk,B378,thatkidparker,Entertainment,788,212,4035,4.28,78,70,0
-4aBrIQk-_0,A387,kInAz12,Sports,754,98,4392,4.88,8,3,1
4BOcdGDCuTA,B241,oxking0815,People & Blogs,733,591,21503,4.67,75,95,0
4DrgNEZ8VR8,B499,NateFoccEER,Sports,575,90,19621,3.8,15,59,0
4duXU3l_yAc,A566,theleedslads,Comedy,593,269,158,0,0,0,1
4FfGeXVN4f0,B525,elpropiosuave,Film & Animation,659,64,106027,4.54,87,57,0
4fNydbXtCxw,A551,caldas45,Sports,667,63,1341,5,1,0,1
4Ggi36w0lIg,A519,CelebTV,Entertainment,785,165,3745,3.6,10,3,1
4p2Rm70yvf4,B460,Schtiel666,Entertainment,562,140,13846,4.42,55,63,0
4PVbufaHccs,C130,1lari,Music,744,241,7550,4.81,123,28,0
4queGLrcnlE,A314,madhatterz,News & Politics,658,105,519,4,2,1,1
4QUqiZGPK3I,C201,renetto,Comedy,741,149,8215,3.88,335,244,0
4sSh74LSAEs,A236,Kamitose,News & Politics,793,49,75,0,0,1,1
4TtIgla3bIM,C195,markapsolon,Comedy,744,56,777,4.12,24,67,0
4ujaLIFgZKM,A440,RBMezmerize,Gadgets & Games,661,234,5045,1.9,12,15,1
4wAofNMDdBU,A30,fcbarcelona,Sports,793,12,1572,0,0,0,1
4x8FDSKonCI,C190,MuggleSam,Entertainment,744,160,521,4.94,81,78,0
4xI9goZLhh4,B543,RichLocz, UNA ,0,280,82605,4.33,129,55,0
4XOPOa9Ohdo,A35,fcbarcelona,Sports,784,70,1235,0,0,0,1
5_L20DRA8Pc,C197,Zipster08,People & Blogs,741,162,5872,4.62,232,273,0
51Ym3qK_xmw,B336,boyjoe,Music,481,247,42135,4.88,190,75,0
52rbsVLCdJA,A424,kingtonyinc,News & Politics,791,25,1737,2,4,1,1
5Hiq0bQWQxQ,A231,PsychoJolteon,Gadgets & Games,619,206,717,1.5,4,3,1
5HsiUSXtKhc,B434,melsa622,Entertainment,784,280,8410,4.92,50,65,0
5KPHELQyA0g,Re: Burger Cheater,zackz115,Comedy,793,3,0,0,0,0,1
5L7sz5iRkE8,A147,leandrosvs,Sports,671,22,25166,4.75,24,5,1
5MVl4WfyfTg,A346,flimzee00,Gadgets & Games,685,241,7819,0,11,14,1
5NGq9aXN2_o,B413,cpotato2004,News & Politics,790,635,1570,3.42,33,66,0
5nGtnMA8PzM,A357,KaneKaizer,People & Blogs,790,30,25249,4.52,106,79,1
5nGtnMA8PzM,B74,KaneKaizer,People & Blogs,790,393,25249,4.52,106,189,0
5OMWEuc2QIU,B75,DonSvenneProduction,News & Politics,790,189,4867,2.67,36,189,0
5OncPjBKlnc,B555,WildChildAlienFilms,Music,356,225,21119,4.34,85,54,0
5pQMFn7vfRI,B512,mscellym,Entertainment,784,216,8673,4.65,55,58,0
5qvA0j9iMcc,A211,RaikouRider,Gadgets & Games,731,59,157,3,2,1,1
5rhuLnrrwJQ,A303,techvids052006,Entertainment,792,141,467,0,0,0,1
5sUp1OFzbKA,B277,SerenityWinner,Comedy,654,145,34283,4.59,186,85,0
5tQlLzVHsk4,B357,Hakunamatata67,Music,786,152,19332,4.9,39,72,0
5UFfEt4O5B8,B536,mnallison02,Entertainment,771,202,1986,4.89,76,56,0
5VuqlVTBcBY,Liker Chain Resurrected,sweetyloveuse,News & Politics,792,283,665,0,0,3,1
5WFefdb4W_k,B142,kickdrum,News & Politics,675,576,3787,4.3,27,130,0
67EUoR-xEBc,B97,Musicppl09,Music,779,154,28359,4.88,94,167,0
6-Ds9Qxty70,B68,saxman727,People & Blogs,729,595,10227,3.63,68,195,0
6eLD040auo8,B162,grunf66,People & Blogs,784,209,53280,3.72,53,120,0
6eNPw4xTQCI,B171,coluchesca,Music,730,243,120383,4.78,281,116,0
6h4ZcPr9Kpo,B294,natashabecky,Comedy,523,164,43051,2.19,128,82,0
6HfT19PohjI,A309,MaRiaG4PaBLo,Music,553,148,1683,3,6,3,1
6kDXkNZ2cxY,C131,HellionExciter,People & Blogs,744,507,1686,4.18,173,146,0
6LBZoNITO34,A536,travelling84,News & Politics,792,19,3361,3.5,8,22,1
6mBMrlRDNJk,B493,jezuzfreek777,News & Politics,610,584,1048,2.07,27,60,0
6nBg2pCxnqI,B551,firefly515,Entertainment,679,432,1061,1.97,59,55,0
6Nlv4ruxOiI,B83,gaahcharmaine,Music,745,240,14718,4.57,183,177,0
6Or6tQ6aJI4,A449,shippouu,Gadgets & Games,786,107,632,4.6,5,10,1
6p3fI_-h7Dg,A401,thierryhenrythebest,Sports,793,103,0,0,0,0,1
6P5_3BTRjUs,A380,jqtd,People & Blogs,757,159,55,0,0,0,1
6RtKySVE4vw,A465,miclolord,News & Politics,790,59,4683,3.57,7,10,1
6R-y4-MDYtM,C61,zaman4242,Comedy,743,595,14571,4.91,57,14,0
6sGh9llxDEE,B365,stasme06,Entertainment,474,195,31949,4.96,95,71,0
-6V2-cIK2v4,A84,spideyogie,Sports,793,240,3720,2.3,8,8,1
6YXc1YuO6Ks,B122,DitOuch,Music,758,288,729751,4.65,344,146,0
6YzYUmBwSD8,A402,jrb5151,News & Politics,791,131,6067,4.79,28,14,1
6zdccj1c0bQ,A524,andreas1519,News & Politics,736,164,232,1.5,1,1,1
7_s1U4k7SMA,C36,yenisafak9,Pets & Animals,743,115,22871,4.71,42,0,1
70TnlB1ofdw,C149,barrock81,Comedy,744,575,1126,4.96,93,20,0
73qV5_kk5SI,A610,pakodeportes2,Sports,758,119,633,0,0,0,1
780NGId9uqc,B279,BobaStrike,Comedy,731,105,26325,3.41,150,85,0
7cbzV_pZB64,A160,berylog,Howto & DIY,738,81,578,1,2,0,1
7CSBqnsa5TU,A127,maratontube,Sports,793,15,1342,2.1,4,1,1
7D6aRxltTuA,C5,virmtx,Sports,744,414,76366,4.4,166,149,0
7gXuStZdtxY,B107,smartalec1229,Music,515,289,88994,4.87,352,155,0
7hc9-hx1nqY,B48,shoutanenjeru,Gadgets & Games,688,219,16686,4.78,443,248,0
7HDZnOK9Usc,A368,gonff,Music,745,136,444,2.8,5,6,1
7HGcnRIPuEY,A316,oussamasoft,Sports,793,79,1177,2.5,1,1,1
7hN5YJqRJSc,A57,RememberMarla,News & Politics,782,5,14,0,0,0,1
7HuCKoMBkmg,B284,nwo2k6,Entertainment,719,130,12326,4.86,106,84,0
7HWrhtYPuR8,B533,dashloc,Autos & Vehicles,496,73,59513,4.62,47,56,0
7jxsfsIwc38,A500,jhatzia,Music,524,227,23523,4.84,131,72,1
7jxsfsIwc38,B355,jhatzia,Music,524,652,23523,4.84,131,72,0
7mLoPRuxXnI,B548,firefly515,Entertainment,741,378,731,2.32,60,55,0
7pyXkW8A6HI,C148,CBS,Entertainment,744,110,5656,4.77,103,10,0
7QizB8mYsyk,A288,giorgiale,Entertainment,656,100,15419,0,10,5,1
7qvKdXA1EGI,B267,Dommer1973,Music,477,244,61837,4.91,192,87,0
7TBaC3_yvW8,B53,japanesemonkey,Comedy,538,45,167230,4.2,286,235,0
7uL_h4z--D8,A514,alex2064,Entertainment,792,252,1429,1.1,2,2,1
7UyTOeee8hQ,C27,cubiclemonkey,News & Politics,744,17,27571,4.66,44,17,0
7w7iYC4d7Uk,A499,msb247,Music,786,278,1885,2.2,10,3,1
7xZOrWK6d4g,B60,Mogurich,Music,519,312,92667,4.91,425,203,0
7YxolTgw2xs,B175,alanmac,Comedy,494,319,50404,4.81,181,115,0
8_8II0J7Ncc,B370,tinotrivino,News & Politics,576,228,1308,3.61,94,71,0
811lIIgrBY0,C122,CBS,Entertainment,744,145,5877,4.78,141,12,0
84ekS0ZbLTs,C19,CIoudywolf,Film & Animation,744,657,31385,4.95,156,59,0
8dWDMKkKXDs,A297,305636,News & Politics,793,283,6,1,1,0,1
8Fg2SyfqCJ0,C60,bolaoito2007,Sports,744,33,14692,5,9,3,1
8G-1-Bc4eZA,B379,micaellima,Comedy,734,32,51703,4.41,81,70,0
8GIpb0y_lo0,C150,geerawrd111,Howto & DIY,744,605,1650,4.84,97,25,0
8gzMJlsrDPs,A97,microbuses,People & Blogs,644,70,1910,4.72,18,8,1
8I_9XCz06kk,B261,fbenzeno,Entertainment,744,156,31451,4.58,120,88,0
8IfnWnzAPbI,A603,jasonlewis1uk,Travel & Places,617,242,24340,2.4,10,4,1
8JqeOZHyA98,Andre Agassi and Steffi Graf s Daugther Speaks of The Future,SimplySaid737,Sports,648,34,5485,3,6,9,1
8kNjF4uIB3s,B226,tzmir,Entertainment,668,92,29633,4.6,136,99,0
8KX7NkCzGZA,A139,anatketani,People & Blogs,761,5,465,3,4,0,1
8mIaJn0VFJs,A521,RobAslan,Sports,793,126,617,0,0,0,1
8NasLzmzLu0,B302,gametrailers,Gadgets & Games,506,402,14262,4.33,46,80,0
-8pi7hOm1pE,A144,ChoSeungHui,News & Politics,793,8,104,2.33,3,3,1
8PNz8Qny2Ac,A85,AlbinoGoudvis,Sports,793,106,462,0,0,0,1
8pVa-oEwrjQ,B16,FF1987,Entertainment,698,149,73231,4.84,255,441,0
8rDKAO8ELcY,B464,4337dside4337,Comedy,755,210,50674,4.75,253,62,0
8seCyWrGXdA,B172,raistlino8,Comedy,521,65,19672,4.11,95,116,0
8SKrx0urYxU,A16,zerowingcats,Gadgets & Games,563,229,1095,4.6,5,3,1
8ud8Mcmxo1M,C4,janetaguzman,Entertainment,743,645,79464,4.52,223,119,0
8VCkYLyVRNE,B223,aceaceace,Music,779,209,23846,4.81,63,100,0
8VJW_Y6oFTw,A369,somaro,Sports,743,176,2498,3.75,4,4,1
8WgiLhlPVJ0,B332,Gamatatsu007,Music,495,290,13595,4.51,95,75,0
8YY6Yl7nduI,A473,fergalrice,Travel & Places,657,74,5799,4.33,3,1,1
93Vn1EOHlzU,B392,nsd1004,Entertainment,784,140,19651,4.34,59,69,0
93WrfZxuFv0,B330,z0mb1eHunt3r,Entertainment,753,393,5175,3.62,52,75,0
94kikq_wT0A,B214,peron75,Entertainment,779,269,15670,4.52,194,103,0
9A1NWUdNqIA,B441,PH0ENlX,Gadgets & Games,770,569,9221,3.93,54,64,0
9BLZ6g2EtVE,A191,lapalabradigital,Sports,793,159,236,1,1,1,1
9C_oHaTQiLI,B252,hulaboy04,Entertainment,425,491,59537,4.58,213,90,0
9CEW5dmnDw4,C76,1lari,Music,744,243,12952,4.85,131,29,0
9coH3WGSkAU,B471,qwikz28,Autos & Vehicles,638,132,44992,4.76,135,62,0
9D9Rfoe7-Ok,A325,2oobwatcher,News & Politics,791,277,658,5,1,0,1
9do-UE0Ko30,B557,jimmy0010,Pets & Animals,776,180,978,4.27,22,54,0
9emsolXhnGY,B521,ldpthejimmy,Entertainment,702,57,20423,4.2,20,57,0
9GcjcXajQBw,A92,theleedslads,Comedy,580,153,529,0,0,0,1
9GKz_gH5Tcs,A527,franzrogar,Entertainment,684,4,945,4.5,4,2,1
9gMY_SbrpPg,A56,RememberMarla,News & Politics,777,72,30,0,0,0,1
9JArIiki4ZY,A399,vttym,Sports,561,262,4150,4.6,10,5,1
9Jiblj9afyc,C200,khayav,People & Blogs,740,47,7302,4.33,232,245,0
9KKQrHCBmWw,B96,cornelsephiroth,Gadgets & Games,777,202,31536,4.44,75,168,0
9LHOfGC8-LE,B168,hellobrad,Entertainment,531,1533,56053,4.92,124,118,0
9lZKgJM6gCA,B564,Dylanfilon,Comedy,607,598,11117,4.49,47,54,0
9-MVz7t7Pmo,C78,masterb8tr,Film & Animation,744,545,12655,4.89,55,30,0
9pI-zEHVX00,A230,dedeo2,Gadgets & Games,619,192,2578,4.5,10,5,1
9RaBwulTbe8,B390,jklproduction,Comedy,532,200,10235,4.51,89,69,0
9rWKxggq5Ak,A629,BBC, UNA ,0,32,1723,5,7,10,1
9SLCHD_MjnA,B518,celinish,People & Blogs,411,53,55821,4.77,111,57,0
9tAvUKZJioM,B281,Hecatemini,Comedy,727,376,90327,4.9,346,85,0
9THbrN2hXTQ,A512,soskkk,News & Politics,792,245,2364,4.11,18,12,1
9USb_OQza44,B243,Veladrin,Music,455,67,87557,4.86,193,94,0
9VyI5CcV_OU,A505,jin256,Entertainment,676,263,182,3,2,1,1
9vzjklQcTr4,B288,crossmack,People & Blogs,681,83,11276,2.74,76,84,0
9x70UeIXaWQ,B469,vevsky,Music,712,416,16652,4.88,92,62,0
9xFuEyXIRwM,C79,psabev,Music,743,160,12639,4.74,46,25,0
a3cTEQFP3VQ,A511,streetneon7,People & Blogs,627,90,4953,4.65,20,0,1
A3ECbz95QxM,A483,elcherichi,Music,793,62,11,0,0,0,1
A3ifdHV9CFA,B193,mikeskehan,Howto & DIY,789,369,1432,4.18,125,110,0
A4e92Y8xFuo,A428,LinuxKid27,News & Politics,792,253,935,4.8,5,29,1
a4iwiNq8kXQ,A161,Wildvideoguy,Music,731,226,4057,1,9,7,1
a7b4M6SEjGw,B67,xKittysxGravex,Film & Animation,781,70,12746,2.6,187,195,0
AAfddLxeZkE,A54,RememberMarla,News & Politics,780,226,39,0,0,1,1
ABE-r4ACfzg,B558,JasonSeaman,Entertainment,787,326,20052,4.91,67,54,0
afdOwAi0Mjg,C17,rayray200123,Film & Animation,743,589,32445,4.9,140,106,0
aHIz8rY-I-A,A492,aznpikachu215,Gadgets & Games,516,197,37559,4.88,135,81,1
aHIz8rY-I-A,B296,aznpikachu215,Gadgets & Games,516,387,37559,4.88,135,81,0
ai0IAacTRgU,B293,andrea25,Sports,740,227,32844,1.74,50,82,0
ajbdkEWKomo,B273,ASephiroth,Gadgets & Games,780,184,4214,4.75,40,86,0
aK9mx2kkjfk,B118,TribalC,Comedy,510,43,133785,4.55,161,147,0
alwYcvq3dCw,A198,Mariolongboard1968,Sports,789,90,1110,4,2,0,1
amAX-FOzfnQ,B49,ForlornHope,Film & Animation,363,1223,93750,4.86,547,245,0
aM-nM57Y058,B274,oxking0815,People & Blogs,730,371,19896,4.76,87,86,0
AnidguuHnk4,A241,WAtelevision,News & Politics,790,220,13390,4.4,15,38,1
ANSvGNzUxCs,A615,8thgateofhell,Gadgets & Games,662,138,440,3,2,1,1
aO-E21kXTXw,B338,DanceLoveGeminiBaby,Entertainment,787,126,13351,4.65,20,75,0
apUSRbGUwyU,A126,randish7,News & Politics,792,199,401,0,0,1,1
a-qClZKQv_A,B157,hitmanpr3, UNA ,0,237,136833,4.25,208,123,0
Ars97eIOdqM,B376,retsevas,Gadgets & Games,762,209,27663,2.69,51,70,0
as1MNYN5b-k,A445,SmiertSpionem,Comedy,763,169,246,2.5,2,3,1
As5R4Tp8LKQ,A583,007Xavi,Sports,761,267,1621,0,0,0,1
aTYlluZB7FQ,Simon Cowell rolls eyes at Virginia Tech,mjdoyle2000,People & Blogs,791,25,3176,1.18,22,15,1
Au4tKEmi1CA,B89,nneo685,Entertainment,328,29,107175,4.85,279,172,0
aub2MBnkh-E,B144,AkewsticRockR,Gadgets & Games,772,358,4439,4.34,131,130,0
aUx0s7bH52A,David Copperfield: il numero della fiamma,Pinzimonio,Entertainment,779,14,52,0,0,0,1
aUZlH2MevL8,B103,ItchiroSakamori,News & Politics,791,152,2566,2.14,72,157,0
AVx8HFdj4BQ,C48,markustus,Music,744,247,16983,4.87,218,57,0
b0SW-3SNQdg,A398,darko1983,Sports,522,35,932,4.57,7,7,1
B1aHlS_bThM,B7,03bizflawless,Music,711,256,282906,4.94,1054,569,0
b2-f2ZRmIgU,B399,arachidonic,Entertainment,567,277,64245,4.73,133,68,0
b6lZXbzHByU,A167,ericshantz,Comedy,574,242,560,1,4,2,1
B97P0e7ejYw,B37,GoRemy,Comedy,749,147,242359,4.74,542,276,0
bAvpOmhynZc,A24,JKTakieddine,Sports,601,77,970,2.1,17,5,1
bBNvF-geLWc,A292,thinklouis,News & Politics,793,16,0,0,0,0,1
bCcAnvZo59o,C14,Sloved30,Film & Animation,743,438,39818,4.87,224,156,0
Bd9Ea513eQ4,A34,fcbarcelona,Sports,791,9,1529,0,0,0,1
Bdr0N9HDptg,B176,debbert2000,Sports,514,15,261615,4.85,41,115,0
bi82mfri0wA,A307,flimzee00,Gadgets & Games,650,119,7562,1.3,6,6,1
BICgRl1Ht68,A112,theleedslads,Comedy,538,101,59,0,0,0,1
bimdipHzm54,A128,flimzee00,Gadgets & Games,621,63,4226,3.67,3,5,1
bJ-ggcb2Rzg,C29,eweeeee,News & Politics,744,57,26316,4.6,10,21,0
BJjgoDb-1UY,B194,LilDoro,Music,595,180,12689,4.85,75,110,0
BJO2RuxkGf4,B544,eric82oslo,Entertainment,783,584,9499,4.45,44,55,0
bL0UeO97cR0,C11,AnimeUploader320,Film & Animation,744,518,44026,4.88,190,80,0
blbuau_gosA,B190,EVERYTHING17,Music,776,249,58325,4.42,130,111,0
BLTx202e_K0,A287,sedge4427,Film & Animation,769,173,53,4,1,0,1
BnD8k8U2m0A,C16,charlottechurchcom,Comedy,744,109,33948,3.65,46,28,0
bnqtXOi1iaY,B17,JamesNintendoNerd,Entertainment,534,184,94894,4.66,1166,440,0
bnrX5_ADCEk,A157,CheckItOutNowNYC,News & Politics,772,19,287,4,16,2,1
bnt_fqL1xBQ,B315,hugsnkisses9713,Comedy,595,297,3413,4.5,74,78,0
BoA51E2bCFI,A301,wilsonwhat,News & Politics,792,45,3776,2.4,2,12,1
Bp53pIhJSb4,Re: Virginia Tech School Shooting Video,reymon14productions,Entertainment,791,36,3724,1.82,11,13,1
bPLPxg3y1Ec,A516,flimzee00,Gadgets & Games,522,95,2465,3.5,4,6,1
BqqQAgGMiZ8,A584,FilthFlames,Gadgets & Games,760,249,172,2,1,1,1
bQttFzqx5hA,A429,CelebTV,Entertainment,792,246,454,4,1,7,1
brFEjkc0iTI,A90,Jo1n7,Sports,492,77,1463,4.12,8,18,1
bRPeEVpHiI8,C1,ufc,Sports,744,154,331333,3.32,1284,103,0
brVAucHQqV8,B530,NailStrafer,Gadgets & Games,698,162,5542,4.85,26,56,0
Bs7_7bDDWtg,A559,BarryFreed1968,News & Politics,792,172,128,0,0,0,1
BWFWCg1BdRg,A364,starman417,News & Politics,730,74,906,2.85,13,16,1
BxeFMHyOx3I,B456,ledzepp461,Howto & DIY,322,30,18368,4.46,52,63,0
BY6H-HEIS4g,A213,sunshinelian,Entertainment,759,48,23646,4.97,36,9,1
BYOtXoljJaE,A537,eaturguncop,News & Politics,792,12,927,3.1,2,0,1
bZgYYc9FIyA,B133,KIFACSAMIRGAGEA, UNA ,0,195,19016,2.1,94,138,0
c5bpVfUlueY,A265,BlazingSky2006,People & Blogs,792,21,402,5,1,0,1
c5vcMtPhWVs,B507,SymmyAndres,Music,595,242,22840,4.91,145,59,0
c9jArh6Xhis,C151,brettkeane,People & Blogs,744,235,639,4.68,103,77,0
CaobYmvRfgw,C155,DarkTamplar,Film & Animation,744,608,10104,4.91,91,52,0
caYnvrLNtTc,A618,avantims,Sports,611,11,1624,3,2,0,1
CdlhzfXrrjs,A260,NabaMediaDesign,People & Blogs,762,108,60,0,0,0,1
CEcEwPszfrE,B395,MetaBob,Comedy,775,112,18082,4.84,130,68,0
cewE_WEULnM,B289,OMGLOLCYA,People & Blogs,380,47,2119,2.92,13,83,0
cfM3X4BWlB4,B457,blightsmite,Sports,583,244,51307,4.45,38,63,0
Cis7jshNJbs,C90,piyopiyoGintama,Film & Animation,744,323,11661,5,33,3,1
cJI0LSt-6rU,B476,lavin1905,Entertainment,403,258,119672,4.78,147,62,0
CJM733e9LdQ,B58,djairrick1200,Entertainment,751,125,5939,3.33,45,215,0
CJsl99KJW00,B62,maskavengeredclan,Comedy,785,71,42187,3.81,116,200,0
CKan8TMMVUA,A263,m3xlc4n,News & Politics,790,270,5395,3.3,10,33,1
cKNoyiXJL2o,C154,periurban,Music,744,170,559,4.88,93,53,0
CKOrgh0CXss,A518,aznpikachu215,Gadgets & Games,556,123,20025,4.56,86,67,1
CKOrgh0CXss,B403,aznpikachu215,Gadgets & Games,556,372,20025,4.56,86,67,0
cKWQC6Sgx6s,B432,AVTPro,Comedy,784,152,990,3.82,11,65,0
Cl-p8naT4WE,A426,heydemo,People & Blogs,792,218,378,4.67,3,3,1
cMV_gvBwL1g,B63,joybuzzer,Sports,533,38,134034,4.89,426,200,0
cOe1B5OoCDY,B173,mrkuyamandla,News & Politics,468,310,5651,4.18,22,116,0
cQ0k6e-pdKU,C191,ILikeToBeTiedUp,Howto & DIY,744,60,2564,4.37,82,78,0
cQcWs7wT1Ek,A554,altrimenti,Sports,793,36,543,5,5,0,1
cqXCnJRECoY,A517,theonhighgod,Howto & DIY,685,28,2261,3.67,3,4,1
CsHMZ7494yc,C88,nrxd,Entertainment,744,548,11873,4.87,79,67,0
CSP3C93mk_M,A327,jose17gl,Sports,793,85,640,0,0,0,1
C-srD3xNY44,C111,littleloca,Comedy,744,274,4137,4.62,170,145,0
csw4WAMaZDE,B201,supdemas, UNA ,0,270,8341,4.76,55,108,0
Ct_-j1wKRwI,B595,trasko666,Comedy,712,48,29301,4.3,27,51,0
CUDEOog7mco,A562,firdouss,Howto & DIY,663,225,354,0,0,1,1
CUIH8Z6iRBk,A65,JeSsEgILdIrT,News & Politics,792,70,218,5,1,0,1
cUmJsTrcMXA,B160,joeyburggraaf,Gadgets & Games,567,179,45367,2.61,110,121,0
cv67ndyV_48,A372,Barrysun,Gadgets & Games,577,191,2237,1.5,3,7,1
cvope9ePUAg,B56,Rabix99,Comedy,699,597,139765,4.85,1064,227,0
cvYVaAEPS88,B197,celtic1242,Film & Animation,714,153,21027,4.84,70,109,0
cw3JKho4eDY,B414,jypzy23,Entertainment,768,325,23282,4.45,66,66,0
CxHWpX-dj9M,A259,BatMcStar,Gadgets & Games,648,105,1252,2.86,7,0,1
cXXm696UbKY,B130,gsager1234,People & Blogs,688,82,96079,4.83,318,140,0
CXY-H7LI6sU,C181,aaguirrejr,Music,744,336,6356,5,79,88,0
cXZBH8BWxZY,A11,CelebTV,Gadgets & Games,792,87,644,0,0,3,1
cz36biB7cts,B42,YTwatchdog,People & Blogs,685,63,11303,3.5,113,266,0
CZAYPyhF7PM,B71,skippywebb,Music,648,283,37923,4.9,266,193,0
d_0mvPHjStk,B598,phaedress,People & Blogs,593,309,2592,4.71,68,51,0
d0UGfk5Mpbc,Re: [Uncut] No Comment Virginia Tech massacre 16.04.2007,reymon14productions,News & Politics,792,31,793,4,4,5,1
d2peL2ayCH0,B508,BlackRoseNinja,Film & Animation,542,239,5366,4.54,46,59,0
D3dW_KzLnQk,C108,Karla193,Entertainment,744,328,8453,4.82,165,153,0
d3WlAIYcWuo,A175,sarahkailyn,People & Blogs,758,246,6,0,0,0,1
d4BYkKHtzGQ,A179,Favic,Gadgets & Games,621,11,1315,0,0,3,1
d6K19STJkxQ,C42,mvmark18,Music,744,207,18752,4.77,124,69,0
D72Ag19WpDs,A305,Lazarus88,Gadgets & Games,526,168,4565,1.6,14,8,1
d8vAxzLApPs,B472,Carlitus,Autos & Vehicles,272,438,92696,4.72,138,62,0
dAdCMsDAnZA,A329,CheckItOutNowNYC,People & Blogs,784,78,113,3.67,9,1,1
daHH_4qOEaM,A254,willspace1,Sports,622,105,1806,0,0,0,1
dAkMwmjCYBI,A535,djmikeevans2007,News & Politics,792,209,181,0,0,0,1
Dal-0Z27_CM,B191,Malaris,Comedy,361,150,17394,4.74,344,111,0
DaqGCOadod4,A396,theleedslads,Comedy,531,233,226,0,0,0,1
dcHvHVRyoFk,B459,JACproductions,Entertainment,483,64,20950,4.9,281,63,0
dCMES0TGB1M,A614,riccie2112,Pets & Animals,773,210,125,0,0,0,1
DcqCE5tTfQE,A283,WeWonAgain,Sports,793,112,28,0,0,3,1
dD6hw6K9fy0,B422,anThononyian,Film & Animation,769,37,13358,4.8,20,66,0
DDb2csmfEZw,A193,KolahSefid,Entertainment,785,68,667,4,4,5,1
ddcyLrbNnxo,C138,geerawrd111,Howto & DIY,744,519,2488,4.74,112,25,0
DFJW1brPUXI,A313,handkor,Gadgets & Games,616,128,600,2.5,3,2,1
dGdg1YQ27To,A252,retr0dreaming,Gadgets & Games,722,180,2787,4.5,10,21,1
dgFibjRFfvU,B65,biada,News & Politics,340,70,40691,4.31,124,198,0
Di4LL3ydbL0,B325,ttagaris,Entertainment,432,60,33508,3.46,169,77,0
dIPT-bVYCzo,B92,miamitalent,Entertainment,785,230,28003,4.69,133,169,0
DKr_DPr_zXo,B465,thetenderloins,Comedy,645,363,9606,4.38,120,62,0
Dky_tchPZ-w,A321,G3Evolution,Gadgets & Games,682,278,5263,4.71,7,11,1
dMPRjwa-oXU,B506,mpc1535,Music,651,124,9954,4.84,86,59,0
DNlBROIKrHw,B439,omfgsquee,Film & Animation,504,525,11135,4.9,125,64,0
DpdJF8VXckI,B183,Antho05,Music,562,223,398369,4.72,275,113,0
dSlRGdDVCOU,B20,xiingli,Music,454,186,51589,4.87,571,409,0
dtHjbACAqIg,C86,Karla193,Entertainment,744,583,12006,4.82,183,101,0
DUN0hqvUtmM,"RE: my humps, my dumps",reymon14productions,Entertainment,793,23,130,0,0,0,1
dWG5_vtoE6w,A46,fcbarcelona,Sports,776,70,1579,0,0,0,1
DxcCSeSYk9s,A104,Mawata123,Film & Animation,437,85,6600,1.7,27,7,1
DxQ2XQsI6X0,C164,DCwyverx,Gadgets & Games,739,481,3992,4.88,224,165,0
dYGRAmzoKQc,hot girls from finland,epuepu,Pets & Animals,789,86,36357,1.68,28,17,1
DYPBFfOe8Y0,B505,ibocum,Sports,686,203,15914,4.53,58,59,0
DyVEbBvfpGo,B368,FeelinJaredFUL,Entertainment,560,219,45458,4.73,112,71,0
Dz3UTk_u_eM,A145,miclolord,News & Politics,791,90,7026,4.67,18,23,1
e4dOieMX7RE,A182,findthetruthcom,News & Politics,790,39,4365,1.83,24,0,1
E5IAIUyDZhQ,C83,zonasedna,Entertainment,743,50,12263,4.83,18,25,0
E69pUWDyJrM,A432,WiLLvolution,Gadgets & Games,772,158,3888,1.5,11,13,1
E6YqOfHAeIo,B254,idodo,Comedy,272,92,66411,4.51,117,89,0
e7BtbQactx4,B34,NarutoInuasha,Film & Animation,567,167,52460,4.88,205,294,0
e8OPHPdxodY,A533,BBQTalk,Entertainment,736,47,1862,5,5,9,1
e91PN32BGxc,B327,cryztoff88,News & Politics,604,57,3376,4.18,17,76,0
eaqgRw9g3jw,C30,AnimeUploader320,Film & Animation,744,99,24309,4.85,73,40,0
eB82pF_64mw,B25,Tesseus,Gadgets & Games,329,63,227734,4.53,332,345,0
eBBVIdsQ74s,A178,avantims,Autos & Vehicles,612,82,2730,4,9,0,1
ebJUPyixPSM,A408,audrix31,Gadgets & Games,512,195,1353,4.58,12,4,1
ECGaUGUu5Sc,C9,Sloved30,Film & Animation,743,504,44360,4.87,230,67,0
ecoo70X98AE,A496,YaHossain,Pets & Animals,775,155,626,2,7,7,1
eCyTPG-szK0,A320,Orchidb,Gadgets & Games,536,145,823,1.7,3,1,1
EDb9-IZckFw,C49,LostSpoilers,Entertainment,743,29,16809,4.88,26,20,0
edr2uNc7z_c,C58,boh3m3,News & Politics,744,401,14836,4.62,1143,923,0
EeyhiVJIV_w,A620,RodrigoKenjiHiga,Comedy,562,78,14405,4.67,55,15,1
eeyuEaf802Q,C125,geerawrd111,Howto & DIY,744,599,2094,4.84,128,35,0
eFkFxM7G3JY,B447,ku634567,News & Politics,781,184,1329,2.75,8,64,0
eG0KvsbVy4c,B578,justcanthelpit,Music,786,222,3778,4.45,51,53,0
eh3M4EW27xQ,A105,SupremeBlissey,Entertainment,312,190,2466,3,5,2,1
EhUtu7VlpOM,B574,jcarmack,Entertainment,628,5408,16311,4.52,46,53,0
Ei1UDaQvEzQ,A489,happysea3363,Comedy,764,129,2801,4.91,23,7,1
eI6jsKYQDQE,B120,ayu516,Comedy,455,187,90931,4.45,215,147,0
eI8pEmgJ4Hs,B433,t5a1,Comedy,469,136,35573,4.78,106,65,0
eiaLvjzTHEk,A453,zackshutt,News & Politics,793,16,591,3,1,5,1
EiDV8yZbKVc,A574,Ichidazure,Entertainment,759,164,648,0,7,6,1
EigEluTiEPI,A413,kikko,Gadgets & Games,333,29,822,2.4,1,2,1
ej1AsEv9VSs,A460,RockHoward360,Gadgets & Games,673,238,1322,1.6,2,1,1
EJrtcx8STEk,A410,aviewoflife,News & Politics,791,198,624,5,6,8,1
ejshG2BQM0M,B527,biedrusko,Sports,603,95,6869,4.76,90,56,0
ekHu2_2M4Fo,B111,hnbbs,News & Politics,569,225,10194,2.52,86,153,0
eKRkGkAILb4,A203,RememberMarla,News & Politics,790,30,63,1.5,2,0,1
ekt4j-eqvKo,B335,Xorco1,Entertainment,743,10,173161,4.22,93,75,0
EKX5o74__cs,A131,gtaylor666,Travel & Places,606,220,3358,3,4,1,1
eldS990JOHo,B442,hawkfunk,Music,441,476,20360,4.94,101,64,0
EMkG0KZySaw,A210,ariverforth023,Film & Animation,791,274,456,1,3,1,1
eMqJxr0dIU,A317,biladi,Sports,793,4,1591,1,4,1,1
emUDkyUIAMc,C165,jezuzfreek777,People & Blogs,743,581,2212,2.45,135,250,0
eNR-9C1xF8w,B19,micaellima,Comedy,734,80,464667,4.46,567,415,0
eNrNArE3oN4,B583,Lillyanne3579,Music,761,197,5781,4.65,60,52,0
eoA0wnobnUA,B341,lesbetisiers,Music,775,93,121610,4.92,319,74,0
ePdoiROq-fs,A89,pittoreguizart,Film & Animation,715,189,175,0,0,0,1
EPuQtAw7ZnI,A543,bbriskey,Sports,687,98,822,3,3,2,1
ERxo4swy6x8,B298,gabry999,Entertainment,407,178,95595,1.89,218,81,0
ESCjsgZwoEY,A225,nachod,Sports,793,197,639,1.9,2,0,1
EsNIUHkwC-s,B255,MaartonRoberto,Entertainment,670,185,110466,4.7,162,89,0
Et7t3XRtvDk,B123,Jonesdude666,Howto & DIY,635,191,35020,4.85,150,146,0
eVflWxVttzU,A199,PacyZg,Autos & Vehicles,702,114,16142,4.64,39,23,1
eXgcKp84wcU,A156,makgalleries,Pets & Animals,649,110,224,0,0,0,1
EYQoGbYmZ2E,A549,reconzero,Sports,792,76,1623,0,4,2,1
eyyNgza5V_E,B140,narutosan12,Film & Animation,440,342,30338,3.22,176,132,0
F2ofYd6Nzs8,B152,Zepherlove,News & Politics,790,231,2351,2.76,46,125,0
F3RqkzFsSw,A163,Jpcoolguy,Gadgets & Games,760,5,373,1.1,2,2,1
f43GCGmZTYQ,A488,BrummieNeil89,Gadgets & Games,621,118,8044,3.2,5,9,1
F4OrC1sKSIE,A565,carlosvip2006,Sports,555,105,9779,4.84,38,5,1
F610hQ-5PmA,B467,gekkeiju,Music,425,243,20806,4.24,123,62,0
F7eFsJ7AuVo,C39,FOXNewsFightGame,Sports,744,435,20964,4.62,66,90,0
F7SrNxBylHk,B145,phenozarky,Entertainment,586,52,41632,3.73,152,129,0
f8MUtUnUE0k,A555,CookinUpProductions,Howto & DIY,737,18,148,0,0,0,1
f9E6TFb6QRk,B269,yello4jc,Music,346,125,36325,4.93,248,87,0
Fag9TuIzQio,A590,TurkLigTv,Entertainment,793,82,1029,0,0,1,1
FctFV1I7LKM,A94,theboringdispatcher,Comedy,774,36,5102,4.5,183,34,1
FctFV1I7LKM,B182,theboringdispatcher,Comedy,774,89,5102,4.5,183,113,0
f-D2wBvm8Cc,C194,TheAmazingAtheist,People & Blogs,744,424,1302,4.81,64,69,0
Fd7dqZruh9E,A578,weskerq8,Sports,792,249,1112,1.1,11,2,1
FejYMc_-haM,A229,nauj27,Entertainment,683,104,1355,2.5,1,1,1
fE-pPVDxx_M,A552,tagore182,Film & Animation,793,73,1307,3,4,2,1
ffHVTMOTfB0,B55,ddrfreak720,Gadgets & Games,773,698,5414,2.08,247,230,0
fFsqXu_UFOA,B94,Fanatikzor,Gadgets & Games,686,402,169127,4.18,309,168,0
FG5VD0YqoeM,A207,mynamesdenvrmax,Gadgets & Games,571,240,4421,4,6,12,1
FGCsHoJkK9w,B334,Bosox3333,Entertainment,772,140,41832,4.91,191,75,0
FgjHaHXpxgI,B134,basch07,Gadgets & Games,781,209,15174,4.84,75,137,0
fgo3JlzPW9Q,requiem jimenez chihuahua dancing!!!,omarlicuado,Entertainment,691,109,202,5,1,1,1
fhSwqAD33fw,B562,louischou,Gadgets & Games,502,316,9588,4.82,39,54,0
fi6nU_TUPQ4,A192,javicalavera7,Sports,792,46,329,1.4,2,0,1
fi8WMs5idNE,A197,kikko,Gadgets & Games,334,160,2286,4.5,8,3,1
fkD33AFU7LQ,A391,Ramiella,Music,410,82,13252,2.87,39,14,1
fnFcaSf-TMc,A340,tubeup2007,News & Politics,791,17,13406,4.06,35,105,1
fnFcaSf-TMc,B209,tubeup2007,News & Politics,791,95,13406,4.06,35,105,0
FNkRnSWNbMU,C6,Torerohanes,Sports,743,38,63144,4.06,34,69,0
fNTjwqV-4GQ,C123,CerealMilkInc,Entertainment,744,1384,3445,4.92,161,73,0
FoCbAnbikg0,A319,fdo21,Gadgets & Games,691,209,2862,1.9,11,8,1
FOEdiq7HfDg,B304,annspade,News & Politics,593,348,1769,4.1,39,80,0
FPoNQ8iFPx8,A266,CelebTV,Entertainment,784,76,5002,3,6,2,1
FRR8Y0axNvU,B300,Lurchlee,Entertainment,677,93,51157,4.88,112,81,0
FSk6wj5xYn0,C136,Danielbeast,People & Blogs,745,168,229,4.64,127,171,0
FSW6NqZ7RDI,B546,mcburger,Comedy,497,55,35458,4.55,74,55,0
FSWD8Hg6WJ0,A452,iranian0civilization,News & Politics,792,87,257,4.05,20,12,1
FT3MM5DoL_Q,B178,letoya,Music,580,282,132145,4.82,363,114,0
FTb6cFdKNXg,A498,skorpion2o06,Music,767,205,4632,1.5,12,7,1
fTZ06zEamA0,A334,Elyon,Gadgets & Games,356,283,21609,1.8,39,33,1
FUldE8t2GUE,A332,Keaton101,News & Politics,792,32,287,3,2,2,1
Fv2yOrj25-s,B2,BradOFarrell,Comedy,737,129,313042,3.33,1511,1818,0
FVWBgJ58ZY4,A202,carnaloxox,Music,713,131,4864,4.6,15,4,1
fwpcm8jMEv0,A189,Narutofreak123,Entertainment,770,220,225,0,2,1,1
fWVpl63oZz0,A67,HabboHotelMikeRetro,News & Politics,791,163,5020,2,14,18,1
fYDEoqBdNS4,A532,xtrono,Gadgets & Games,471,195,1717,1.9,8,3,1
FZUvjJ227Dk,B568,Daejohn83,Entertainment,566,177,22159,4.09,56,53,0
G_2Jc31447c,B428,skyanimal,News & Politics,540,148,3363,4.65,97,65,0
G_JO8xoMSek,A217,bcny1,Gadgets & Games,676,192,214,1,1,0,1
g0ZVSa5dBWc,B561,TenutoInuke,News & Politics,752,320,13260,4.8,35,54,0
G2fVYcgfA7Y,A589,chantruong,Gadgets & Games,544,20,2444,3.75,4,6,1
G3FdPQrUPzc,B588,robbjmc,Music,596,165,10012,4.27,44,52,0
G7R634P1sDo,C94,aaa24k,People & Blogs,741,14,78172,3.28,53,33,0
GaOH0TWfkiE,C96,sugahi45,Entertainment,743,30,74424,2.68,66,6,0
gAQMhirfXKQ,B27,stentionhouse,Entertainment,702,505,72088,4.34,122,324,0
G-bkV0jyeWA,A98,theleedslads,Comedy,531,169,145,1.7,1,0,1
GBZT53Vuvho,A180,denvercx,Music,589,99,46185,4.91,172,52,1
GBZT53Vuvho,B579,denvercx,Music,589,248,46185,4.91,172,52,0
gCb1ocfWKes,A7,Zachattack2,People & Blogs,790,55,677,4.33,6,9,1
GckznXjb_-s,A8,BlastCoaster87,People & Blogs,792,118,1809,2,13,3,1
GCyFz6rxjhc,B164,DaBronxDude,Gadgets & Games,778,240,2523,3,52,120,0
gdTkR2VbBbI,C2,AnimeUploader320,Film & Animation,744,605,94775,4.9,354,216,0
Ge_CgNMW_tE,A379,acurajustin,News & Politics,791,280,454,2.33,3,4,1
GE2brVbDaZY,A478,Longshanks1977,News & Politics,791,43,2709,5,1,17,1
GeJwp5JjmHk,A422,boilerplate,Gadgets & Games,683,116,525,1.2,3,1,1
geKjvg0rI9c,B256,rockymiavia,Film & Animation,372,94,30114,4.85,121,89,0
GEnzBRNJgKE,C139,karldaly81,Music,744,288,672,4.86,106,76,0
gG9ztjqG6Ak,A359,GIGOLO005,Gadgets & Games,768,70,4352,2.38,8,11,1
gHP6ng1TXww,B9,SlaughterDog,Entertainment,779,66,98545,3.28,194,532,0
gI3BvrBaqz4,B297,usenetposts,News & Politics,674,396,800,1.71,45,81,0
giogEoAKLJw,B116,amateurboxing,Sports,583,99,83828,2.22,63,148,0
gIwzgGtGZWI,A602,donfucho,Sports,792,217,6813,2.1,12,8,1
GJANBgj5HIA,A567,diieg007,Sports,792,40,1277,5,2,2,1
Gjj9Gz9hNDs,B326,NaughtiiDancer,People & Blogs,488,595,14665,4.71,85,76,0
GkA8ezFlKaA,B227,mischaaa,Music,738,202,8737,4.58,79,99,0
gkuvuviloPo,A141,HoZL,Sports,793,129,222,1.7,2,0,1
gKwAPJ2kw4I,B221,57oRM,Pets & Animals,729,215,67166,4.68,90,100,0
gmAAs3BjGZQ,A382,kikko,Gadgets & Games,341,13,1377,1.8,3,0,1
G-mbmQ4QH0k,C186,warren25smash,News & Politics,744,496,1236,4.29,103,81,0
GMUlhuTkM3w,B180,taikieatssushi,Music,769,127,59338,4.82,333,114,0
gMx27t4diJ4,B285,svector,Entertainment,768,158,1147,3.72,25,84,0
gN3e_UMQRL0,A406,moffstarr,Gadgets & Games,590,121,7653,4.73,15,28,1
GnhRK7lzp1g,B502,melovedacars,Music,591,292,38072,4.88,84,59,0
GoL6jr2zHV8,B35,phongleee,Entertainment,494,432,375029,4.72,465,292,0
Goor9pCkXIU,A76,daniel2177,Gadgets & Games,740,83,2269,4,3,1,1
GPeCwD4tf2Y,A258,pepe8mx,Gadgets & Games,678,90,1165,1,1,0,1
GqNOonSRdgM,B515,romania3,Music,470,179,16778,4.79,100,58,0
GQrMWTwsGGQ,A227,xhiddennemesisx,Film & Animation,515,241,9804,1.7,63,17,1
GslAqKK3kZU,A300,xiayu27,Gadgets & Games,485,257,1757,2.2,5,4,1
GtSehMI7CgE,A597,worldpoliceus,Entertainment,792,43,339,2.4,20,0,1
gUBOrK23G8k,B517,APLAPLAX,Comedy,614,26,26483,4.48,31,57,0
GuOZdB2Da30,A501,techvids052006,Entertainment,792,48,463,0,0,1,1
GViu2XkKTYY,A187,seannunan,Travel & Places,656,180,3140,3.38,8,6,1
gwHB7v9Ps3E,B208,Utawarezen,Gadgets & Games,783,257,7031,4.9,67,106,0
gwOkf4CuH-A,A482,bossanostra,Sports,793,141,1504,0,0,0,1
GwP7Rn3t9LU,A149,MADgam3r,News & Politics,792,232,340,0,0,0,1
GwXoPtRnfrM,B195,ArdisChedore,People & Blogs,786,227,404,4.48,42,110,0
GxplDa3M5Io,B40,wineball,Music,754,135,104071,4.81,702,269,0
GYmEx-PAErs,A416,DemasiadoTiempoLibre,Sports,793,194,1039,1.4,5,2,1
GZD0LDnhQRw,A6,NichinHyuga,Film & Animation,734,60,444,0,0,0,1
gZiknIe7HvQ,C144,CIoudywolf,Film & Animation,744,653,6989,4.94,100,60,0
gzJnHfs84ks,B291,robsreality,People & Blogs,744,277,9648,3.97,35,83,0
gzV79SIWvYQ,A81,Knuckles727200,Gadgets & Games,655,183,1540,1.9,6,6,1
H_ajjKrJmgc,B189,gouzigouzi,Music,756,210,60628,4.01,112,111,0
h_Q-Vx34htU,A158,danielitopalacio,Music,607,82,5770,3,24,20,1
h_TPbzq_M3Q,A302,CA1965,People & Blogs,791,111,674,1.8,5,4,1
H0YESB9go8c,B169,Klasichesz,Music,787,112,33125,4.34,148,117,0
H3wfHu3JjOo,B478,CEGPARTY,Comedy,613,104,1232,4.24,41,61,0
h409nIoRCB4,A113,juliolopez1975,Entertainment,492,62,1244,3.29,7,0,1
H58UIA_wpvE,B155,ASephiroth,Gadgets & Games,779,405,6339,4.91,53,124,0
h6jVQG-fim8,A548,ReeperTheSeeker,Comedy,788,101,47,1.1,1,6,1
H6Jyl8sH-aU,B417,pzottolo,News & Politics,791,215,1069,4.72,40,66,0
H6QvznYhjDU,A423,S131R,Comedy,465,76,42201,4.89,160,24,1
h7UwNc6KQps,C55,oikotimes,Music,743,186,15790,4.25,53,34,0
h8JjNOs3Wu4,B566,MikeDamrat,Gadgets & Games,536,240,8730,4.08,26,54,0
h9fJYck6PTM,B124,lordsovereign,News & Politics,784,202,2330,2.82,17,145,0
HbOKRT_YRDc,C91,Acig81,Sports,743,104,11593,5,7,6,1
H-ckB_ap4p0,C173,stuartmoffatDOTcom,People & Blogs,743,416,548,4.97,37,108,0
hDd7LmXmovk,C156,Wrathchild19,Music,744,341,6610,4.8,98,30,0
HdqFVw7tX_A,B565,josephbeuys,Comedy,666,145,1411,4.72,80,54,0
he3bFTBbDw4,B500,irock6543,Music,620,71,20914,3.3,27,59,0
heCohZ4GI5E,A530,marcelxyz,News & Politics,793,144,734,2.33,3,5,1
HegsIIeVTmo,A377,Emmaline1138,News & Politics,793,130,388,5,10,6,1
HEvHJavs5Ac,B12,bonnietheband,Comedy,772,260,26575,4.21,152,498,0
hfEEVkr0Y-c,B549,seanbedlam,Comedy,785,63,2632,4.64,78,55,0
HGgJrwxwdxg,A419,WorldStarHipHopCOM3,News & Politics,792,160,829,1,2,5,1
HGM2XT3ibug,A183,susanu18,Music,525,134,16577,4.74,19,4,1
Hi4j7SFje1I,C179,katiesopinion,People & Blogs,743,211,2175,3.65,65,92,0
h-IaFOzLkh4,B534,onehitonekill,Comedy,514,99,1668,4.4,70,56,0
hi-IeiQ9RvA,B590,dsbastilla0,Film & Animation,709,202,10589,4.81,36,52,0
hiLi_z_Tpx8,A446,dumpsterdave,Gadgets & Games,375,156,2595,4.12,8,7,1
Hivo3jTq1b0,A493,bitlera2005,News & Politics,790,243,1310,1,1,1,1
hjhgzURkWOY,B276,hoopa3,Sports,512,28,31734,4.32,34,85,0
hjYeDh7Qkqs,B397,Spice1,Music,468,271,77391,4.9,272,68,0
HMsWzlFF5_E,B350,richardmcbeef,News & Politics,792,507,7602,3.54,98,73,0
hmTd2UH48ZI,A443,smokeyinksmudge,People & Blogs,791,171,318,4.5,2,1,1
HmY35TSwktc,A558,2dcrazy,Comedy,775,134,163,4.75,4,7,1
HnJ6G5cZqYA,A378,Ken34,Gadgets & Games,562,193,2014,1.5,5,10,1
HnSSJw6jyAw,A234,thegangstaz,Sports,793,259,951,1.2,1,0,1
hnYmKHXXjvY,B405,had438,Entertainment,699,542,18340,4.97,115,67,0
Ho13kvknPjw,B52,Mejai84,Film & Animation,642,273,25354,4.62,87,235,0
HO-I4bnqwVw,A595,halo2glitcherz,Gadgets & Games,745,31,479,4.14,7,2,1
HOz-aWHlNo8,B154,jklproduction,Comedy,637,130,38663,4.53,193,125,0
hPX9aA9R5y8,A605,SailorNegaNeptune,Gadgets & Games,693,9,2211,4.6,10,12,1
hpyB1ENuykY,B323,oVEGANoSCUMo,Comedy,768,48,11657,2.43,68,77,0
HQ19Hwx7280,A389,sirovina77,Howto & DIY,639,142,3953,3.88,8,4,1
HQ5mzXFMUKg,B563,BootlegFightVideo,Entertainment,386,136,92482,3.91,67,54,0
hR58_STCyRA,A338,ngheny,Music,727,223,7252,4.88,40,10,1
HSZMaZQMc24,B473,junetorre, UNA ,0,237,47418,4.57,77,62,0
HT9K4RAPduM,A435,RockHoward360,Gadgets & Games,623,212,8171,1.5,9,7,1
HVbaI9FgmpI,B486,londonlondonbridge,Comedy,617,86,4002,4.41,49,60,0
hWsTYYSPBAQ,C53,Mandystarz,People & Blogs,744,27,15961,3.75,4,1,1
HXj3_pjTTwg,B158,obloga,News & Politics,725,214,13000,4.31,45,122,0
HzegmSe7Do0,A318,gatewaypundit,News & Politics,791,223,2104,4.68,25,15,1
hzm4fsm6JL0,A52,youkoko,Sports,777,60,969,4,2,1,1
i1Ei855OGZ4,A417,acurajustin,News & Politics,791,218,492,3,2,8,1
i3mK9mlLW0E,A371,RockHoward360,Gadgets & Games,651,4,3765,2,11,7,1
i-4HZv4-Nvw,A2,chewy101101,Gadgets & Games,709,39,3248,1.6,3,1,1
I4zdxMnxZiU,B77,GavinMichaelBooth, UNA ,0,230,31322,3.62,74,183,0
I503G4Iq6wM,A386,kayukayutamaking,Film & Animation,773,103,3800,2,5,2,1
I5rp1m8Xgxw,A450,dro80,Autos & Vehicles,736,191,2680,1.5,4,4,1
i63YII4dexE,A122,jameswbailey,Film & Animation,791,78,150,0,0,0,1
I7UD0QepOtM,A186,Kyokuji,Gadgets & Games,714,205,253,2.2,1,1,1
i8Kq_jME6MU,B1,MysterEy1BestofYT,Travel & Places,778,169,6892,4.77,48,2072,0
I9QzZKUNYyU,B560,GunsNRosesChild,Music,521,295,23664,4.83,104,54,0
iAi9LEeEkRU,B249,CerealMilkInc,Comedy,517,116,50322,2.55,183,91,0
IBQ2PAiPwBo,B490,djairrick1200,Entertainment,785,598,3099,3.71,21,60,0
iCQKomCuh4k,A154,WiLLvolution,Gadgets & Games,773,76,1380,4.5,8,8,1
idAqhkmzGrU,A353,KAURmusic,Music,742,115,6116,4.5,22,8,1
IEjNxtCgIKg,A491,BoiKemo92,Gadgets & Games,585,26,527,2,6,7,1
IFeWZNli2_A,A502,tomduca,Sports,793,272,0,0,0,0,1
iGyNJZMPZiM,A420,troymaurice,News & Politics,791,61,274,4.67,3,6,1
ihUVUrPVKK0,A560,silviocoutinho,Sports,793,123,950,1.6,2,0,1
iIhyDxmij3Y,A366,theleedslads,Comedy,784,281,10,0,0,0,1
iJ4t62L7_a4,B462,Star2006Man,Music,764,126,25942,4.75,65,63,0
iKfmEBF1GuU,B320,tdnchannel,Entertainment,742,160,9003,4.64,22,77,0
iKpJfUmiM4M,B119,tofu916,People & Blogs,785,130,14344,4.67,147,147,0
IKpum4bawPc,A120,ventosa1,Sports,793,68,1868,0,0,0,1
iLAcWM2cggs,B45,tokenblackchic,Entertainment,791,80,10768,4.21,136,256,0
imAQTj5RHy0,B552,hellobrad,Entertainment,545,1470,18297,4.87,69,55,0
In9te6L0yZE,A622,DiSArM47,Gadgets & Games,710,188,242,1,1,1,1
iPJmuEGqSXw,A162,sonicerick,News & Politics,792,57,1176,4.5,12,12,1
ipR7Eymxu0M,B170,supdemas,Pets & Animals,765,302,4689,4.39,57,117,0
irNj5A0dYgM,A27,mistertut,Howto & DIY,742,84,620,3.25,4,2,1
iRTb7eVcc2E,B576,lisuhhx,Comedy,574,8,13614,4.31,62,53,0
irtuVrrptQw,A91,bradle3,News & Politics,791,142,4270,3,29,26,1
IStabdMkSYw,B292,oxking0815,People & Blogs,730,374,25549,4.72,74,83,0
IswhxFyh0wk,B586,Heartagram96,Sports,592,163,28842,4.46,81,52,0
iTztGzVOzEI,A485,WiLLvolution,Gadgets & Games,772,149,1741,2,6,3,1
iurSoJkGS48,A239,hildakwong,Entertainment,506,87,292,4,1,0,1
IUvQ7Slfo-A,C198,pundital,News & Politics,742,155,20547,2.57,250,290,0
Ivaj58t-gNo,A404,markoya,Sports,678,198,3811,2.3,1,1,1
iw6phPCrisg,A441,marshgas,Comedy,375,16,12738,4.66,44,11,1
iy5Y4SOpYvE,A121,GamerC,Gadgets & Games,564,225,11347,2,15,18,1
iyskNl6erpQ,A507,CialtroniAnimati,Film & Animation,631,215,4465,4.5,20,15,1
IYWgv9elgqY,A526,djchuckdeez,Sports,519,51,2208,1.9,13,13,1
iz2tVAlIjsE,B15,ralf200,Entertainment,530,74,23216,4.53,144,464,0
iZEHILf0Hu4,A430,stripper1990,Sports,793,137,1595,1.2,4,2,1
iZTfWVAO7fM,B99,TheAmazingAtheist,People & Blogs,778,548,2604,3.92,187,161,0
J_rj-FnSnvc,B271,IkarosGrPeiraias,Comedy,754,108,22651,4.03,120,86,0
J0-5TthafnQ,B319,kickdrum,News & Politics,627,573,2265,4.64,22,77,0
j1eYiz0b7gQ,C135,Karla193,Entertainment,745,467,414,4.87,119,53,0
J1t-ayK3960,B416,XBOXHUEG,People & Blogs,716,552,1393,4.5,8,66,0
J2AC8pDTs8s,C170,applemilk1988,Music,743,148,3507,4.45,78,132,0
J2cYeCAUdDc,B128,Famousgrl2,Entertainment,784,208,26036,4.87,178,142,0
j4BzH4WY6tI,B577,Potterprune,People & Blogs,533,153,22223,4.38,63,53,0
J5ILDXj4duY,B247,MetaBob,People & Blogs,787,1590,1062,4.69,54,93,0
J5rsfRfj7Cw,C54,thewinekone,Comedy,744,202,15848,4.73,1271,1006,0
j6ovbkVMgVw,A226,accademiafirenze,Film & Animation,626,137,272,2,1,0,1
jaiAshenTVI,B215,beamo4lyf,Entertainment,785,136,5327,1.67,18,103,0
jBBxYUbuNEQ,A455,lalove1410,Sports,793,233,1181,0,0,0,1
JbvUx5fH9As,B345,pane92,Music,517,185,57180,4.88,227,74,0
JcyPKgvKwJs,B385,javaberii,Entertainment,779,201,15445,4.28,50,70,0
jDHI6FkwjoE,B264,tylerramsey,Howto & DIY,650,114,13151,4.74,50,88,0
JdJOiBhYEDg,A459,djchuang,News & Politics,791,133,586,0,0,0,1
jDXVlMP212g,B596,ahaahaboy,Entertainment,711,150,25118,4.74,50,51,0
Je1yVgr1KO4,A275,ChoroSangriento,Film & Animation,706,97,334,3,4,9,1
Je5wqwHhKx4,A444,musicxluver,Comedy,522,45,7260,5,18,13,1
JerbEh0CfKM,B121,88Wolff88,Entertainment,631,610,29431,4.04,112,147,0
jFXTGXEcoBI,A73,boilerplate,Gadgets & Games,681,188,663,1,2,3,1
jGb7bf12nDQ,A116,cesarchiska,Sports,662,94,2904,3.67,3,1,1
jGcc12Oz8OE,C189,nalts,Pets & Animals,744,67,1107,4.6,78,77,0
jH5f8EQAyHc,A425,majoron,Film & Animation,732,82,495,3.75,4,6,1
jHhORvcYtQc,A388,GlobeNews,News & Politics,793,29,800,0,0,4,1
jiK58Ry6wNs,B366,darlan23,Music,516,249,24549,4.61,41,71,0
JK15ToVh6lo,A487,seemaya,Entertainment,786,256,684,3,4,5,1
Jkhj_PLZIY0,A219,ASephiroth,Gadgets & Games,791,238,745,2.7,10,26,1
jLFVD-rb-Ak,A135,Joselite2007,Entertainment,740,22,90,4.5,2,1,1
JlgAlltjKJs,B485,DaBigD,Film & Animation,587,598,28520,4.74,137,60,0
jllICF1fq0Y,C10,cholo3pa,Sports,743,38,44029,4.48,21,38,0
jmKCLzrPGGg,A166,fra05,Gadgets & Games,638,246,1649,1.5,2,5,1
jnPQ36V3fcI,B349,Dargakis,News & Politics,791,79,8034,1.88,85,73,0
JoN9vEYMTO0,B321,burnvictim77,Comedy,791,86,1171,3.97,59,77,0
jOXJ8dve2sU,B225,ypzrgy1225,Music,413,189,141151,4.9,562,99,0
jpJy46o_7b0,B382,sonybmg,Music,738,292,23115,4.87,132,70,0
Jr_01rYKQLg,B361,patricknelson,Comedy,604,81,48089,4.71,197,72,0
JS1VOKJQeX4,B352,travis714twiy,Music,421,256,132538,4.85,320,73,0
jsVXWWfO6P8,C98,heather2787,People & Blogs,743,27,72918,1.54,241,119,0
JttUqaCk-QM,B400,ASephiroth,Gadgets & Games,780,405,5118,4.68,37,68,0
JVMvLK2FjBM,B143,Titus2000, UNA ,0,110,298548,4.57,747,130,0
jvzYKv58MmU,C134,khayav,Comedy,744,137,1912,4.56,126,221,0
Jw_tIW2Nwpg,B301,Tsatas, UNA ,0,111,50900,2.83,36,80,0
jYwfdtayP5M,A257,Lonewulf123,Gadgets & Games,568,274,5059,4.43,14,37,1
jzczjsqAJ14,A506,cadelaf,Music,589,216,7397,4.81,37,19,1
k_RMhQl0z5k,A165,snkrules,Gadgets & Games,474,229,17568,2.4,61,51,1
k_RMhQl0z5k,B593,snkrules,Gadgets & Games,474,229,17568,4.79,61,51,0
K3RRUNcKBiM,A397,G3Evolution,Gadgets & Games,682,89,11071,4.83,12,21,1
k4Kwz-tRnzA,A142,kaylabee,Entertainment,394,146,801,0,0,0,1
k7kqOrmz_Ow,B322,DustXL, UNA ,0,37,123913,4.07,171,77,0
Kahl674QvtA,C69,zaman4242,Comedy,743,542,13899,4.95,41,8,0
KajozHfqLRE,A64,princessgx,Music,493,74,1087,3.71,7,9,1
KbcLq7VxC3U,B407,CAJADESEGURIDAD,People & Blogs,753,239,7887,2.83,30,67,0
KBDm_F5baTs,A540,lutubv,People & Blogs,674,17,9884,4.68,19,7,1
kbEoO18xsqk,B114,representativepress,News & Politics,782,78,3663,4.39,177,150,0
kC-hyKlnV4Y,A83,red72887,Entertainment,643,269,1039,4.4,5,3,1
KeHBPz3JM_0,B100,YTwatchdog,Comedy,688,193,4672,3.85,85,161,0
KekcCjkMZ4c,A545,futbolizados,Sports,792,114,2410,2.1,3,1,1
KElyLrrTLB0,A240,woodytyler,News & Politics,793,283,2,0,0,0,1
KeXTaVxauj4,B337,junejhe,Music,245,577,29917,4.84,156,75,0
kEZHCW8IzZY,A82,DeFT2k6,Howto & DIY,599,281,532,0,0,0,1
KFDO4y7QJn0,B177,JennyJoe897,Music,751,82,22283,1.51,70,115,0
kfHmFk-y4Bc,A106,theleedslads,Comedy,622,34,1634,4.33,6,2,1
kFIoQIz1E_U,A276,Poonard,News & Politics,793,115,10,0,0,0,1
kFYTWL1ajSg,C8,Sloved30,Film & Animation,743,506,46300,4.86,277,114,0
kGLorXp95vg,A467,EileenKrimsom,Gadgets & Games,449,108,4383,2.31,13,3,1
K-GQeJhBTuY,B383,philhellenes,People & Blogs,786,426,465,4.8,50,70,0
ki32wfWqMXc,C168,Daxflame,People & Blogs,745,80,648,4.24,67,134,0
Kic8oD3r30A,B84,nitestormz,Music,762,236,60872,4.94,321,176,0
kL3XFcZzv-8,A99,splatent,Entertainment,742,81,4101,4.33,12,3,1
kLcTnrgc_18,C68,Loimu,Music,744,240,13971,4.69,122,106,0
km720j4dmDo,B235,lobogon,Music,333,262,130871,4.86,460,96,0
KmUfstUIefo,A232,portugalaz,Film & Animation,582,248,62,0,0,0,1
ko14kmwrNnU,A503,BoredDanMan,People & Blogs,790,110,478,4.43,7,16,1
KOOaLU-cy80,A343,CelebTV,Entertainment,783,206,2452,2,2,9,1
Kpa83AHzfXU,C169,TheDramaTube,News & Politics,744,575,1622,4.16,77,129,0
Krhl2o_uwdc,C89,JPNASCAR,Music,744,213,11856,4.52,31,25,0
KSVn8Oj4Wz4,A447,mrsmithaka1,Gadgets & Games,718,227,89,2,1,3,1
KTVHY87FVcc,C162,littleloca,People & Blogs,741,386,10260,4.27,394,294,0
kU4Pe6mpZbM,B539,infelt,Entertainment,788,119,15014,4.83,59,56,0
Ku5-nzVyieo,B599,sakdemir,Sports,559,339,19417,4.77,146,51,0
kUrhNtk7X7s,B265,SirEschaton,Comedy,525,99,27302,4.85,60,87,0
KuWEYvcdJtY,A280,irankorea,People & Blogs,792,58,807,5,7,14,1
KVg0hdXhl6U,A110,DarkFulgore,Gadgets & Games,612,117,4517,1.5,9,3,1
kVuAsWdBQ0A,A571,Dargakis,News & Politics,792,151,613,1,2,4,1
kxcV7LhEgRA,B131,bwusher,Music,705,252,139994,4.87,352,140,0
kyhzGoC09Eo,B278,mentos12,People & Blogs,467,561,10047,4.8,87,85,0
kYNmTeAd6aA,A246,AMPfilm,Comedy,726,98,421,0,0,1,1
kYO_IJuqVjo,A525,KHwhitelion,Entertainment,716,222,195,0,0,0,1
KYzKlllDKsQ,B73,SexyThaiLady, UNA ,0,213,518395,4.58,824,191,0
KzQ1MtPjchA,B412,GreenTeaGurIie,Comedy,788,129,11864,2.89,44,66,0
KZqQXaXj2YM,A28,mrazlee,News & Politics,791,205,1499,2.2,1,1,1
l0zq22i0Dgg,A381,chema10,Sports,494,148,1183,3.67,3,1,1
L2UdmKozHXY,A561,kashue7,News & Politics,793,20,1905,3.4,10,4,1
L4yYRYN7wrY,A345,flimzee00,Gadgets & Games,599,223,4399,4.38,8,1,1
l6i37kaV0vQ,A125,philowe,People & Blogs,791,186,143,4.5,2,4,1
l6umHsPmbio,B113,crash11290,Autos & Vehicles,530,203,177407,4.13,193,150,0
L7219GLmgK0,B411,SaniaSuni,Sports,790,72,21980,3.94,31,66,0
l8tUGGzlvnU,B305,beechcat,Music,652,219,10252,4.61,57,80,0
l94upRi7jlU,B420,bkay452,Comedy,760,154,8685,2.31,52,66,0
L9YpBrRHlpU,C172,supricky06,People & Blogs,744,443,1052,4.13,63,115,0
lAXzu4PX6e0,B102,owenongayon,Entertainment,760,44,28790,1.86,170,158,0
lAZZiPpFOls,B484,bwareofgeorge27,Sports,613,253,17410,2.8,10,60,0
lc9xSnJhJZw,A415,gmellow,Comedy,729,268,146,2.4,0,0,1
lE6-3M6eHqI,A250,HotConflict,News & Politics,791,153,780,4.14,7,1,1
LEaPQ4RxwBk,B311,GoboSpeaks,People & Blogs,774,76,18934,3.47,45,78,0
LeZ4ZXouTHM,B324,WhitexLightning, UNA ,0,136,27025,4.66,50,77,0
lfabffFYN48,A124,pablobandeira,News & Politics,793,204,7,0,0,0,1
lFHaiLdBMVs,B501,spectrodigital,Comedy,653,41,46637,2.74,72,59,0
LfKTmQNvvu4,A95,wishbearxx,People & Blogs,594,16,32949,4.83,81,22,1
LGNWTE-nTY4,A88,userc14007,Entertainment,740,276,566,1.6,0,2,1
LgRiebwoz2E,A438,spongerific55,Gadgets & Games,709,245,2330,3.45,11,2,1
LGXn_gQxnTw,B587,Kelsje,Entertainment,605,55,18989,4.84,63,52,0
LhctrTbe3e0,Re: Mac Vs Bloated PC,SparkItUpThemovie,Gadgets & Games,790,174,120,1,1,0,1
lhKYY-g_zPk,B449,greatlakeskayaker,People & Blogs,769,101,457,4.44,16,64,0
lHnd-kyazKU,B299,dadude80,News & Politics,731,106,13547,4.63,79,81,0
lHRM6Jm7fhg,B375,JaythReap,Music,489,220,34108,4.8,203,70,0
LJLeNb2iZog,B105,reneekml,Travel & Places,610,15,14412,1.9,59,156,0
LJtCjIfzLLU,A255,lorenawalton,Pets & Animals,719,15,3896,2.1,1,4,1
LKex8RhDGI8,A21,wutshow,Comedy,657,135,120,4.67,3,0,1
LMXYfZpeFBc,A577,carlosvip2006,Sports,553,160,2371,1.7,2,2,1
lNC_gYDAioo,C22,xXhellslayerXx,Pets & Animals,743,34,30925,1.72,185,133,0
lp7XfuHfe-I,A296,Jimy1125,Gadgets & Games,698,71,2422,1,1,1,1
lpBQEQQ9up8,A439,MiguelBarca,Sports,791,39,1217,0,0,1,1
lPcauNB3Jd8,B224,MYchemicalROMANCE294,Music,745,217,27392,4.76,58,100,0
LPh_WA-4gQY,A468,GSM498350240,News & Politics,791,21,9505,1,27,33,1
lPLvBehM97k,B167,WillyP127,Music,570,260,48562,4.88,159,118,0
lPQ7htmPz0A,B358,karatekid87,People & Blogs,324,96,61995,4.37,100,72,0
lQtn7Pil70w,A376,calealexander,Howto & DIY,680,30,681,4,2,0,1
LQutyR8Cz3k,B220,hungup2,Music,774,237,33780,4.69,197,101,0
Lru4GOPrhrI,A529,theleedslads,Comedy,599,140,190,0,0,0,1
LsYGe-wlZvY,A282,Dmitsubishi,Comedy,723,33,533,1.4,2,3,1
ltfa69BoFvk,A293,martytassobr,Sports,687,60,4890,2.1,4,3,1
LUpTx5hu8-w,B455,pr4bh,Entertainment,691,177,15514,4.39,33,63,0
LWMpaoTQpEg,A22,MirantteNews2,Music,739,32,1849,2.3,5,2,1
LX5mL7iINew,A152,Darwinfalcao,Comedy,766,28,1448,0,0,0,1
LXUJpWPl9hY,B522,Christysonthetube,Music,728,142,572,5,59,57,0
LyDiaXXJ8Es,A253,theleedslads,Comedy,580,47,493,0,0,0,1
LZ0epRjfGLw,A155,choba3,Entertainment,526,110,19420,3,48,25,1
LZw-mrp2vug,B192,BlazingSky2006,People & Blogs,788,382,23102,4.67,79,110,0
M1o42nUYRgA,A616,kikko,Gadgets & Games,341,151,374,4,3,1,1
m6PGUyNKIn4,A352,AlreadyKnownAs,News & Politics,790,179,241,4.47,15,24,1
M6xQ_cQ_lI0,B425,AntiShitle,Travel & Places,742,109,3073,2.58,33,65,0
m7H3wA46SkI,B419,espanamail,Music,760,215,43287,4.77,155,66,0
m8beLaKQhJo,B207,ScottJohnson86,Entertainment,790,114,21291,4.59,176,106,0
M8N5AmLb_Co,B424,jayco5638,Comedy,614,365,51667,4.61,157,65,0
m8Tajcf7npo,B210,DisasterousManiac, UNA ,0,245,7993,4.31,49,105,0
M994mm4AUEo,B46,GWrocks09,Entertainment,784,105,43498,4.44,123,249,0
m9dqsXPExw8,B244,wellimp,Film & Animation,517,79,53004,4.6,100,93,0
m9VJhVtktGY,A18,yurimxpxman,Gadgets & Games,737,200,151,1,1,0,1
m9Z3T-7AE28,A592,AdigunPolack,Gadgets & Games,780,81,204,1.6,2,1,1
mAMY6u-_OYw,A129,basicmadness702,People & Blogs,465,12,425,0,0,0,1
mBeV8JXBe-g,A36,fcbarcelona,Sports,784,62,1458,0,0,0,1
MCjFCYLa5M0,A458,roswell1828,Entertainment,656,6,16744,4.94,83,60,1
MCjFCYLa5M0,B482,roswell1828,Entertainment,656,229,16744,4.94,83,60,0
MCtd99wCs9o,A504,SoraxKairiLove,Comedy,755,78,434,3,2,1,1
McvM2BYa6jE,A569,dyegos,Music,773,37,1066,0,0,0,1
mcxbvHS-ivE,B262,ssjali85,Sports,735,65,28349,4.87,119,88,0
MfZr-veDEmY,A624,YouTubieTeam,Film & Animation,775,101,179,2.5,3,1,1
MiCwfNIuzmk,B494,ASephiroth,Gadgets & Games,791,998,1331,4.87,31,60,0
mjsSBl09MxA,B387,visionnn,Gadgets & Games,765,442,10894,4.36,22,69,0
MkzLQLvOIdY,B50,MaliciousKid18,People & Blogs,644,47,123547,2.61,260,241,0
mL2uOQrLw68,A367,baibaibabey,People & Blogs,651,165,216,0,0,0,1
mo3XPVZQvpo,C87,jinjiroge4,Music,744,78,11918,4.7,10,0,1
MOMrslEMp94,B402,papelpop,Entertainment,584,128,29066,4.73,62,68,0
MPjwcg0mpcw,B540,MomoDelicious,People & Blogs,780,36,847,4.94,18,56,0
MProK2JZaQs,B31,FunnyPranks,News & Politics,569,479,11128,3.91,216,303,0
MQ03nNyI9LM,A405,Dunbar4Life,Sports,793,14,1643,0,0,0,1
mr4VEbt4zSw,B54,universalmusicgroup,Music,771,228,86575,4.86,428,234,0
MrI3H5jeX-Q,A356,eusceptic,News & Politics,790,162,25327,4,4,9,1
mrQg5hcGicc,A362,HokieHi04,Sports,758,59,2223,4.38,13,7,1
MSaXYvetwBk,PricelessExperience,benerache,Film & Animation,791,33,597,1,4,5,1
msJc7rT--Vw,C128,TimothyDeLaGhetto2,People & Blogs,744,596,2669,4.79,126,67,0
Msyx2G50i5s,A5,ej86,Gadgets & Games,746,171,588,1.8,2,3,1
mTjoj3JhA2o,A130,CelebTV,Entertainment,792,121,456,1.8,1,3,1
mtlDLkTUdls,A33,fcbarcelona,Sports,792,39,1324,0,0,0,1
mUa9tBxSqH4,B342,ckastius,News & Politics,661,262,11526,3.09,95,74,0
mVb6TSk0ZeI,A550,portalcorinthians,Sports,793,233,1,0,0,0,1
mvI7V7MNEwk,C24,adc1995rmadrid,Sports,743,71,30169,3.68,19,8,0
mWdS16j3w2Y,A66,ravisandhu,Music,614,21,1018,3.67,6,3,1
MWP7XYBQNuQ,A481,neburuben,Sports,793,9,120,0,0,0,1
MxKM0Eflu0M,A115,Charliepus,Music,764,261,34,1.5,2,0,1
n0F5KROHQwk,A373,ShoutmouthNews,Music,777,156,4789,3.32,19,11,1
n0KqlxlXuP8,A74,hildergarn,People & Blogs,793,185,711,1.9,6,8,1
n0Qg3eqWWzE,B356,jensher,Comedy,748,30,84218,4.86,84,72,0
N1LetB0z8_o,C199,BigD822,News & Politics,741,118,52154,4.47,182,265,0
n2tFFtmty-U,C77,piyopiyoGintama,Film & Animation,744,337,12937,5,33,5,0
n5YCmuRMhV4,A477,RememberMarla,News & Politics,759,49,133,2,1,1,1
n7Tdu4f5Uvc,B398,drae615,Music,647,255,25098,4.93,108,68,0
naCrg5jacyk,A523,deejay2038,Entertainment,630,132,2087,4.22,9,3,1
NaiCAnbePC4,A93,amiralfsinfo,Sports,793,153,1936,0,0,0,1
NAilzzbaR_o,B211,TheMomoZone,People & Blogs,629,507,17143,4.81,186,105,0
Nay-goPlTtY,C187,thedakkster,People & Blogs,744,715,731,4.26,46,78,0
nbQScYx5quc,B106,RoyZimmerman,Comedy,753,232,50499,4.58,537,155,0
ncs6-zjPEJk,A311,LaJonjo,Gadgets & Games,347,178,776,4.33,3,0,1
nD2ETtqKQMY,A579,Jflames23,Gadgets & Games,652,235,164,3,1,1,1
nDzr0CVnLXo,A587,zizonador,Sports,793,276,1012,2.1,4,1,1
neLpW0k2THo,B28,superflie,People & Blogs,504,283,46188,4.59,195,313,0
NfMALpzGHQM,A133,BKirby23,Entertainment,777,280,43,0,0,0,1
nh6D9gXQKkE,A61,luzuzul,Sports,793,166,3,0,0,0,1
nHzUve2B08o,A495,whodat16ip,Sports,792,197,1743,1.5,7,6,1
nI_IljtGy9o,A542,TurkR10,Sports,793,48,1743,0,0,0,1
njj6GCxw18A,A347,Slackerman13,People & Blogs,489,119,837,2,2,0,1
njJvwM_O5GQ,B571,tribun79,People & Blogs,619,231,330724,3.85,164,53,0
NjlkEgLg0SA,B141,hogan88450,News & Politics,786,401,1214,3.43,14,132,0
njyFdJT8ZxI,B233,nayders07,People & Blogs,772,549,1917,4.4,77,96,0
NKpgiMp9h58,A335,jberney,Gadgets & Games,484,112,853,3,1,0,1
nkprisN7vsU,A336,123456babash,Sports,793,128,5,0,0,0,1
NkrTDIlmneU,B380,7enderF,Music,561,259,35618,4.9,143,70,0
nlUhvLaBy0Q,A75,hogeboomcp,Film & Animation,743,56,7522,3.81,31,7,1
NL-wXHv5ge0,B418,healthyaddict,People & Blogs,770,171,1187,4.17,42,66,0
NmHYKZW_MRQ,A613,ChainCraig,News & Politics,790,24,12280,2.25,102,54,1
NmHYKZW_MRQ,B156,ChainCraig,News & Politics,790,34,12280,2.25,102,123,0
nmkHG5YIUTw,C163,geriatric1927,People & Blogs,741,668,10469,4.79,277,135,0
nmNvIKrfqYc,B475,Marc1a,News & Politics,621,598,57834,4.59,199,62,0
NMs_BQ6Bvhw,A291,Snowstorm2378,Film & Animation,790,101,1951,4.45,11,22,1
nNDjgB8xzJc,A457,RememberMarla,News & Politics,779,210,40,0,0,0,1
NnjwCpLzJHo,C23,MrGrim84,Pets & Animals,743,57,30665,2.66,206,135,0
nnQbf5RVvk0,A205,RememberMarla,News & Politics,634,162,483,0,0,0,1
nohuXf4kRWY,A196,CelebTV,Entertainment,780,236,1153,4.67,3,0,1
nprJyfaVdgg,B591,PirateEire,Entertainment,736,104,30826,4.93,116,52,0
Nqd4QFjMfp8,A60,urbanfervor,News & Politics,791,281,4445,4.33,15,24,1
NQV7sfQapFw,C114,ginaya,Entertainment,743,479,4250,4.94,140,116,0
nrnxRbTDsXE,A114,tetrooney,Sports,782,84,3240,2.2,6,0,1
NS3LaQV2lYE,A171,dareallatinboy,News & Politics,791,242,179,5,2,1,1
NseKug63naM,B415,JayMJ23,Sports,377,32,108618,4.9,223,66,0
NtILxBszyf8,B354,inkredebilchina,Music,669,233,42019,4.71,115,73,0
NUFXofAFYfc,A137,diegobianchi,Entertainment,775,7,2926,1.9,19,6,1
nUqJOGm8MZk,A442,vittorio203,People & Blogs,786,155,537,4.52,60,40,1
NV_IbaswHvg,Re: Summer Internship,reymon14productions,Entertainment,791,24,957,4.25,4,1,1
NvRG4fVWlu4,A310,cariacolov,Sports,793,160,19,0,0,0,1
NvVEy0VGZoQ,A604,jasonlewis1uk,Travel & Places,617,210,9121,2.83,12,1,1
nWTB-VhgT8k,A580,MattNTB,News & Politics,790,121,6061,5,11,17,1
NzPvHEely8k,C41,Rezikai,Film & Animation,744,1444,19049,4.95,256,176,0
NzYSD92ivDc,A497,BlazingSky2006,People & Blogs,792,13,204,1,1,0,1
O1d9t27e014,A480,anmaxp,Howto & DIY,721,248,1405,3,2,0,1
o1jiI47KAnI,B258,KuchDaddy,Autos & Vehicles,453,31,89151,4.78,154,88,0
O1t1XSdlTcE,B401,kookoo4cocoapuffs,Gadgets & Games,603,154,5581,4.7,47,68,0
o1vQNswnadk,B104,mimirue,Film & Animation,492,590,58018,4.9,753,157,0
o-2hS0vBptY,A494,greatscottchef,Howto & DIY,744,8,5561,4.22,9,0,1
o2yL9ZT7MDE,A195,theu2010,News & Politics,792,253,58,3,2,0,1
o899kp7XQII,B196,gangstasian825,Gadgets & Games,747,207,39617,3.32,41,109,0
O8BR5MJ6MGM,C70,Opheicus,Film & Animation,744,593,13633,4.89,103,35,0
O9gtWgKMEdk,A596,thefunniestone,Music,437,268,17823,3.67,40,31,1
ob05PTQ7txk,A437,ssergio9087,Howto & DIY,667,283,9674,4.22,9,11,1
OcAVdU5wsw8,Saddam Hussein Hanging (Leaked Cellphone Footage),geraldosk8, UNA ,0,156,525,3.67,3,1,1
OCUkU1QEVDg,A44,fcbarcelona,Sports,777,30,1868,0,0,0,1
odCZ5rh87Po,A342,XCalibreBlade,Gadgets & Games,510,188,53795,1.8,40,18,1
OE4R8rYkUWE,B572,okawesome,Sports,427,2,50712,3.29,17,53,0
OEIHgpqSeac,A200,xstepsaves,Entertainment,530,48,20508,4.65,46,17,1
OEVp6EXN8Jg,B488,wolf4life,Entertainment,460,269,5884,4.94,54,60,0
oh7au6k8zrs,B248,oxking0815,People & Blogs,733,587,20972,4.84,85,93,0
OH9g4zfJtgo,B250,victorortiz83,Comedy,575,75,213314,4.44,201,91,0
OHas0BcCa4Q,B64,gatewaypundit,News & Politics,609,122,12745,4.48,33,199,0
oHK1eNRAy_E,B303,Macpc01,Entertainment,267,29,49013,4.64,135,80,0
ohvxdbtHALA,A118,DrunkenDrew,Pets & Animals,475,19,35458,4.06,35,71,1
ohvxdbtHALA,B364,DrunkenDrew,Pets & Animals,475,85,35458,4.06,35,71,0
OifovpNPZ9E,C35,caritocad,Music,743,206,23021,4.6,82,76,0
oKnZjFSCw40,"Footage From The TNA ""Fanfest"" In St. Louis",benerache,Sports,790,150,272,0,0,3,1
oL5v8EAFzew,B85,Fantasiex3,Music,496,193,19997,4.89,175,176,0
olPIxTc8GKU,C63,erfg894kx,Comedy,743,198,14411,3.56,18,20,0
OmB8jnX0K20,A601,CelebTV,Entertainment,791,217,4548,4.4,5,3,1
oNAE6CUPXmg,A608,1635B00,News & Politics,792,132,1390,4,13,5,1
OnIlPmgL5XI,C95,somoros,Film & Animation,738,470,76026,4.42,74,34,0
OoNFPh3sdkQ,A215,SujaK520,News & Politics,791,3,982,4.5,4,2,1
oPemeLyzLfU,A326,pakodeportes2,Sports,774,71,2132,2,2,0,1
ophM8PFuTr8,A581,bluediamond2077,News & Politics,769,98,292,1.7,3,5,1
OQhweeXbvbw,C110,SiIentKiller,Film & Animation,744,612,7229,4.92,178,81,0
OQsBXB98eoE,A360,PikkiO1990,Comedy,768,149,4878,3.71,14,7,1
oQY2e0bte1M,C80,HaniHajime,Pets & Animals,744,79,12500,3.38,13,0,0
o-rD4y9iHMk,A164,wutshow,Comedy,657,78,61,4,2,0,1
orgFPlMUqXM,A53,YouthHealth,People & Blogs,791,161,17468,4.81,68,10,1
orgFPlMUqXM,B339,YouthHealth,People & Blogs,791,294,17468,4.81,68,74,0
OS8Wn0Ww880,A471,fastfreddycz,Howto & DIY,678,110,4252,4.67,6,3,1
oVLtG-TKZBs,A427,fdm91193,Sports,770,187,1602,1.1,2,0,1
oVnnmprLTk8,Thriller: WalMart Remix,sweetyloveuse,Film & Animation,790,150,78,0,0,0,1
Ovx-EuCM-dA,A13,spunone,Sports,426,266,24727,3.88,26,22,1
oYHDcdgvxvw,A606,LordValros,Gadgets & Games,759,257,668,3.67,3,2,1
ozJimZnBK3I,B202,Zetrio,Gadgets & Games,361,125,41564,4.75,205,108,0
P__HHgmaxLE,C132,brettkeane,People & Blogs,743,276,1254,4.48,138,49,0
P1bDENkGm48,B443,SniperX876,Entertainment,740,569,1625,3.52,44,64,0
P23-oobhx1M,B29,johnedwards,News & Politics,791,68,55334,3.58,210,306,0
p3liqCso4Dk,A322,assmister,Gadgets & Games,738,162,3553,4.75,8,28,1
p4piZV5wPrw,B396,evemac27,Entertainment,615,30,46638,4.38,24,68,0
p611KKVlB_I,B542,biedrusko,Sports,602,70,5048,4.27,30,55,0
P6FSO6Bxo-o,A12,Alchemygirl13,Music,791,125,11625,0,57,21,1
P6FSO6Bxo-o,B318,Alchemygirl13,Music,791,222,11625,4.86,57,77,0
P7cZzotBoN0,B481,Creepingitreal,Entertainment,790,99,3051,1.27,51,61,0
P7DAQcEzA3g,A111,patoblanc,Sports,793,94,1818,0,0,0,1
P8YKxID7Ymo,A466,Aya0Inigo,Film & Animation,766,165,6473,1.7,34,20,1
P8YKxID7Ymo,B567,Aya0Inigo,Film & Animation,766,229,6473,4.94,34,53,0
p99EIbi6DIY,B371,fogtown,Music,483,268,38911,4.81,147,71,0
PATK7SKNH0s,B309,kamikasimir,Music,778,99,40529,4.27,144,79,0
pbWzl0oqA0E,C117,SelimBA88,Music,744,216,587,3.84,251,0,0
PEpBKAJ0C40,A132,agu90,Entertainment,652,156,3828,1.5,3,1,1
PEsIlRXKA3A,A563,theleedslads,Comedy,702,182,4991,2,10,9,1
pFDsfKfIsvw,C73,vondiepen,People & Blogs,744,121,13162,4.38,491,42,0
Pi2zwX-PfhU,B483,caporalesfan2008,Entertainment,622,413,11783,4.46,28,60,0
PIbvYdMHyEQ,C7,yosssi,Sports,743,20,53306,4.46,26,34,0
pIoUOo1B--0,B307,ubudes,Comedy,321,216,67740,4.81,149,80,0
p-J4Pwi1yXQ,C82,zaman4242,Comedy,743,579,12304,4.84,57,9,0
Pj9ewCvT-dk,C20,EXMvideos,Music,743,273,31224,4.76,214,148,0
pKdZgeesw68,B32,UltimateM, UNA ,0,59,103942,4.76,237,299,0
PkM02qB4LY4,A188,DaanMens,Sports,662,127,652,4,4,1,1
pkVs_WitKW4,B86,larrytrunks,Entertainment,223,1384,46891,4.8,329,175,0
pl6Wa8iF2gA,A328,flimzee00,Gadgets & Games,591,166,6380,4.15,13,8,1
PLibXoGzdqE,B509,hellobrad,Entertainment,557,1395,16148,4.9,59,59,0
PLJW7Dw6C-Q,A312,Artesius,Gadgets & Games,492,58,1071,3.33,3,0,1
PMOQC9o9IEY,C71,DateWithDestinyNet,Music,743,273,13501,4.73,48,28,0
pMTyU6H5ImU,A464,brbloke,News & Politics,792,189,2494,0,0,40,1
PN2YHAPTyuM,B381,actor098,Entertainment,435,201,29655,4.73,134,70,0
pNcFyJedtOM,A58,Star2006Man,Music,785,159,3539,4.77,35,19,1
PO_SA4_LdCA,B287,sturno55,Comedy,515,27,3732,3.76,49,84,0
PPGccfbJRU4,A201,boilerplate,Gadgets & Games,684,3,1650,4,4,3,1
PR2PHgLJ-9w,B101,claudiowong612,Sports,318,319,258836,4.56,231,160,0
PSYxT9GM0fQ,B6,kevman1430,Music,383,226,376098,4.8,1310,608,0
pt8es31AWH4,A582,bengips,Sports,792,73,1821,4.75,20,15,1
pTqmc1wOzws,B81,tomlav14,Music,457,282,120993,4.37,150,179,0
ptVayo3NiFo,C143,TheAmazingAtheist,Entertainment,745,645,520,4.76,99,51,0
pUiYQd-Waoo,B528,turkcediziler,Comedy,764,597,86572,4.92,271,56,0
PukWLAK7xqY,C21,charlottechurchcom,Pets & Animals,744,25,31115,3.86,29,7,1
pVgXJLIhy6c,A509,wilbumhorse,Entertainment,572,82,10588,4.58,33,32,1
Pwo6Yf-sXoY,C66,zaman4242,Comedy,743,531,14178,5,58,11,0
PwQo0yebzTY,B545,justinknag,Comedy,502,88,19960,4.61,44,55,0
pX6FX7fB-6E,B594,Politiker89,Sports,785,275,4404,3.74,31,51,0
PxBY1RrDRxc,A285,IDontWannaGiveUp,Gadgets & Games,727,117,930,1.6,1,0,1
pXCB8w7L1IU,B205,Snicket89,Music,625,258,62326,4.94,186,106,0
PxHDZI9DS8A,A365,SalvatoreHankypants,News & Politics,793,130,62,0,0,1,1
pY6tyPkxvBQ,C103,tubopopcorn,Comedy,744,405,9130,4.96,194,159,0
PyPZhzgL8mQ,B510,ssdako,Comedy,770,153,4868,4.5,115,59,0
PYRAAUqCxgg,C32,WorldStarHipHopCOM2,Music,743,257,23988,4.18,91,81,0
PYrB4M5Dt1Y,C44,renetto,News & Politics,744,982,18089,4.31,931,859,0
pZzvmr58ihw,B369,playaaplayaa,Music,656,240,31774,4.93,129,71,0
Q_Z8t4wwkEE,B340,TripodPicturez,Entertainment,749,570,45346,4.87,207,74,0
Q0oRf2kZRdY,B363,ASephiroth,Gadgets & Games,783,830,5381,4.62,40,72,0
q-1f5DR--_I,A339,tubeup2007,News & Politics,791,55,9577,3.49,41,77,1
q-1f5DR--_I,B316,tubeup2007,News & Politics,791,11,9577,3.49,41,77,0
q2sUvTi2SJA,A351,mrazlee,News & Politics,790,22,4837,4,4,15,1
q3M2X4ZAH_w,B33,KombatKing999,Music,528,302,102361,4.84,453,297,0
Q5t3sga1SXY,A384,kramnosugref,News & Politics,792,82,1705,5,2,0,1
Q5WJMEATnSk,A185,nicofunkazul,Sports,793,78,6,0,0,0,1
Q6sb45riXuc,B343,lisandra97,Film & Animation,746,594,34726,4.82,128,74,0
q73sBIvcyqY,B290,TROGDORKING,Entertainment,754,240,7500,4.64,28,83,0
q8lsAovTyQ4,A374,jameswbailey,Film & Animation,790,86,2269,2,4,0,1
q96ylFiQK_I,B310,deviavan,Music,338,268,44960,4.85,226,79,0
qahOSVgP-zI,B266,whizzedoutwoz,Gadgets & Games,575,329,13647,4.77,205,87,0
QAHrwhbFE-U,Heather Mills Falls on Her Butt - 'Dancing With the Stars',samiriache,Entertainment,792,164,372,1,1,3,1
qawtmiiHXuI,A261,boilerplate,Gadgets & Games,686,246,1275,4.43,7,5,1
QaWWBTRSc3s,B115,neohubris,Pets & Animals,765,165,106929,4.68,264,149,0
QB3N-PcWGKE,B179,whiterabbitx,Comedy,619,84,7397,4.69,266,114,0
QcAMy_V1VWI,C175,dabiribd,Music,744,188,312,4.94,52,107,0
QCdEKoH9lxU,C38,smartenupnascom,Entertainment,743,273,21930,4.27,26,52,0
qcfLRxFq-cY,C50,teluricatv,News & Politics,744,244,16352,5,1,3,1
qedeoUaB3L8,A51,monkeyassualt,News & Politics,793,142,465,1.8,5,1,1
qEgylIzDiiw,A295,technorati,People & Blogs,793,191,0,0,0,0,1
qGbfymq9rAg,B203,Macn0lia,Music,503,285,98980,4.79,238,108,0
qGKjeRgn4CA,B453,Perason,Entertainment,312,305,76566,4.9,277,63,0
qgNZSa0jNZk,B427,dingy52,Entertainment,730,380,8336,4.52,25,65,0
Qh0f5uI-IZQ,A331,carlosvip2006,Sports,553,34,616,4.75,4,3,1
qhAHnbCsqdk,C176,degavabu,People & Blogs,744,463,775,4.85,75,99,0
qHphhbNvfg4,A80,barcelonho,Sports,793,38,1482,1.9,1,1,1
QihRiUPEqd0,B270,DanceLoveGeminiBaby,Entertainment,785,105,15923,4.71,48,87,0
qjlZT7QZoTs,A222,AndiGuta,Music,676,145,8002,2,8,2,1
qKn_W5zpg1E,B282,asdyaman,Comedy,779,201,37184,4.74,243,84,0
qncDuFTQtk8,C193,edgarsalazar580,Sports,743,60,8664,4.87,15,68,0
QnuW-xkerno,C64,DarkTamplar,Film & Animation,744,605,14397,4.82,100,49,0
QOYejaZ6Wfw,B524,hotelangel,People & Blogs,784,577,5659,3.95,37,57,0
QpAhseVCSCY,B150,Tommytime8,News & Politics,790,273,22889,4.17,29,125,0
QPGJLFNus20,B448,deenoqt,Sports,576,339,25976,4.58,89,64,0
qRF_neGNMOE,A337,alessiospina07,Sports,791,185,651,4.92,13,9,1
QRF5ogY-wuc,A520,mynamesdenvrmax,Gadgets & Games,545,86,4551,4.23,13,4,1
QRsaiFilqtQ,A515,kratos419,Gadgets & Games,534,111,2603,2.79,14,11,1
qtHqcZVNRvE,B373,ukateam,Music,492,271,16705,4.94,149,71,0
QueFakCBwwI,B230,Montagraph,Comedy,789,276,1105,4.8,130,98,0
qVK-hTk3_rc,A323,docbrown17,Music,577,237,16138,4.84,79,46,1
qwvB3LQcq0w,C141,tokenblackchic,Comedy,744,238,3685,4.56,120,328,0
Qx4VeVRdcII,B21,Swice,Entertainment,531,376,66721,4.66,124,390,0
QyO6NhHMWc4,B452,Johen,Film & Animation,693,42,14341,4.82,55,63,0
qYoBgoHA--I,A181,mmk76moco,Sports,681,40,1135,1.1,3,0,1
QYzEo5m7d1w,A418,Qdeathstar,News & Politics,792,214,259,0,0,0,1
Qz16iGCt644,B239,CATatonicCAT,Pets & Animals,610,97,81086,4.35,80,95,0
R_OLrzoIYhE,B538,jklproduction,Comedy,508,199,10544,4.27,121,56,0
r00u-pjCxFE,"Re: TNA: The 4/13 Edition Of ""TNA Today""",Dexadrenaline,Sports,788,5,29,0,0,0,1
R0hTG3X7sKw,C177,idollogy,Entertainment,744,330,9930,5,102,97,0
R0kzy9UBXFY,A256,Cashmoneyallstars,News & Politics,790,120,10093,4.8,46,47,1
R0RZscO39cM,A454,spongerific55,Gadgets & Games,678,14,916,3.17,6,4,1
R2UotcZGidY,A26,stormy19924,News & Politics,791,172,4024,4.9,30,10,1
R2YWTTxNP0M,B360,eternal1o04,News & Politics,790,295,13428,4.66,44,72,0
r3hzxBz1Bfk,B458,waynes2118,Entertainment,535,240,50743,4.93,210,63,0
r6FCzcGVsA8,B112,wuhuadeqiangwei123,Sports,772,287,17090,4.65,37,152,0
r6XWEDZJN3g,B38,ralf200,Entertainment,544,188,45027,4.65,189,275,0
r82hdkpoEgU,B198,fullmoon334,Film & Animation,594,1204,30020,4.85,156,109,0
R9PibCm-w_M,B87,purpledaze06,People & Blogs,784,139,31941,4.93,104,174,0
RaMfDorPRmw,C84,ostrichsan,Comedy,745,127,12212,3.87,15,6,0
RbtXE-AzhE0,A393,theleedslads,Comedy,681,53,163,1.5,1,0,1
rbuLK6bbk5U,B188,Blade376,People & Blogs,788,228,1002,4.65,49,112,0
RdkvLDQpzxY,B535,ernesto80,Film & Animation,599,309,10207,4.06,18,56,0
RDMAgiJIvvQ,A626,CelebTV,Entertainment,792,125,3247,4.43,7,27,1
ReGo2ItAQYQ,A510,palemall,Comedy,708,210,5784,4.29,21,10,1
RewepY4xB-4,A71,canikizu,Film & Animation,535,131,4770,2,18,6,1
reXbspZt4gY,A547,juggernotbich,People & Blogs,792,27,47,2.3,1,3,1
Rg6463aqOyA,C92,2KSports,Gadgets & Games,743,118,668112,3.29,1846,334,0
rGY11XvRZcE,B10,maxmusterma,Comedy,747,91,103500,4.51,402,516,0
RH46dHCis04,A224,max5049,Autos & Vehicles,775,103,3228,1.6,5,1,1
rJicHzYaO_4,C118,SelimBA88,Music,744,319,582,3.84,251,0,0
RKdwvQTwWIw,C188,IanCrossland,People & Blogs,744,589,533,3.23,35,77,0
RknupcBUXHo,C57,actualicese,Entertainment,744,75,15046,2,4,0,1
rLBltGdCuuk,A531,thecowbell,News & Politics,793,24,1342,2.33,3,5,1
rM3DW3w0RFc,B213,guren2016,Film & Animation,462,301,43339,4.82,111,103,0
rM8RtcQCmo0,A298,BlackSoultan,News & Politics,793,58,37,2.5,1,0,1
RmDSJHtk028,A490,radu07a,Howto & DIY,614,200,4653,2.5,4,5,1
RmE5gLEy4sg,A140,hamke111,Sports,793,93,0,0,0,0,1
RN_BuZWGPGw,C182,xXDeltaxXx,Entertainment,743,4,4140,5,5,86,1
rnFVwbR3FY0,A363,accademiafirenze,Film & Animation,626,99,497,2.3,1,0,1
rNJ2xNLZjJc,B582,dariusxl, UNA ,0,97,174651,1.75,189,52,0
RNU6VLEqous,MESSI GETAFE SON DE FIERRO pimpinela,makupatadepalo,Music,771,189,1422,1,1,3,1
RqpDh0MT36Y,B238,ASephiroth,Gadgets & Games,790,375,1930,4.86,43,96,0
rr1iBi7bZVI,A407,barcelonho,Sports,793,41,1421,0,0,0,1
rrscSy13MBk,A68,full,Howto & DIY,318,56,1997,1,1,0,1
rt56h_2Unl0,C113,nickynik,Entertainment,744,598,1650,4.96,139,65,0
rTEhsKZCBP8,C45,cableguy112,Entertainment,744,89,17862,4.84,38,5,0
RTi1itv6SYY,A17,lblake1606,News & Politics,792,169,1114,0,0,3,1
RTOwgU6WYak,C126,CapnOAwesome,News & Politics,745,332,528,4.84,139,54,0
RULCxil479c,A344,flimzee00,Gadgets & Games,584,88,6952,4.79,14,5,1
rVYNoNR6VUk,B3,TheMomoZone,People & Blogs,630,583,256943,3.83,1316,984,0
RwAGQ9XZne4,A403,hath22,Travel & Places,615,167,2244,4.2,10,7,1
RX0GroQ0Y7Y,C31,dabsrassistant,Entertainment,743,492,24107,3.44,78,69,0
ry6p2WgdTwM,B470,93current93,Music,457,302,37349,4.56,111,62,0
rzCueFnRMpE,C51,Pandastits,Comedy,744,3,16308,4.37,51,221,0
rZlUb9crds8,B148,demonique666,People & Blogs,790,388,899,3.3,43,127,0
rZywtp4JLl4,A390,markoya,Sports,678,34,2906,2.5,4,0,1
S0OWqoBemyE,B59,ATHEISTinHELL,Comedy,672,179,6352,3.93,187,207,0
S1CrEU8-jNM,B272,jrdskater540,Music,308,224,64611,4.81,151,86,0
s1SMb55koKk,A77,gattus1,Music,539,10,10332,4.97,31,21,1
S3vt0E8HxDs,B57,JDSmart,Comedy,760,592,51677,4.85,713,216,0
S3zcboCJgWQ,A572,facturmza,Sports,792,241,1666,4.83,23,13,1
s5ODC7MD_Sc,A304,techvids052006,Entertainment,792,248,1000,0,0,2,1
s5slUw2dCuI,A136,Joselite2007,Entertainment,742,114,82,5,2,2,1
S6IWtYBj2SA,A628,ButchDriveshaft,Comedy,722,12,1644,3,5,4,1
s6nssSYBHrU,B22,skyline0586,Autos & Vehicles,314,46,295818,4.6,253,385,0
S7q-ov6ijgo,C37,WHITEBOYCBP,Entertainment,744,33,22836,2.43,68,68,0
s9Wid2umT6Y,B384,dem0ndeath,Comedy,739,38,205205,2.13,157,70,0
sARqCa5Cqu4,C129,VeryTasteful,Comedy,744,106,1891,4.72,134,82,0
SDP4vbj1lYk,B589,SeriouslyNoJoke,People & Blogs,788,16,1352,2.67,24,52,0
SeFr04Jy7q8,A42,fcbarcelona,Sports,777,56,1725,0,0,0,1
SF10WftTB_I,A223,onthebas,Sports,793,236,1462,2,5,5,1
shvdcCZEdZc,A108,Eman1121,News & Politics,792,34,1432,4,4,6,1
sIpi0M4ZVGk,C174,nrxd,Entertainment,744,489,8314,4.93,85,110,0
SIy8yBeioxw,A476,lynbrookgirl,People & Blogs,792,47,264,0,0,1,1
SJ4jrX2ybUg,A38,fcbarcelona,Sports,777,20,1221,0,0,0,1
skxpwzyld3Q,A599,daniel2008huang,News & Politics,791,77,887,0,0,3,1
SLTrCPNyXf4,B450,deiphobos,News & Politics,790,92,3542,4.32,19,64,0
sMImYsepKm8,A228,wmnmaryb,News & Politics,792,49,536,1.8,4,2,1
SNiZFigrVhE,B165,DarkWingZero,Gadgets & Games,328,281,47236,4.71,114,119,0
snuc1hDDSiI,B329,cursedhyphen,News & Politics,791,174,5685,4.91,46,75,0
soAHzsIQc3o,B268,SilentSRI,People & Blogs,581,330,19984,4.91,104,87,0
Soai0EPHKEc,B410,mardybeck,Travel & Places,517,85,17157,4.36,47,67,0
SOkdYK5Fujk,[Uncut] No Comment Virginia Tech massacre 16.04.2007,francaisdecoeur,News & Politics,791,97,754,3,2,2,1
SoOEiK8v5pI,A216,batofara1,Gadgets & Games,723,211,719,1.5,2,17,1
sPpa-WZFkOc,A383,theboringdispatcher,People & Blogs,781,203,1840,4.47,75,49,1
srzhC8nb7zY,B246,billie4adie,Entertainment,453,394,13031,4.86,111,93,0
sTkyvNOdvZs,A486,rawzie,Entertainment,548,91,268,1.8,2,0,1
StnAGJDBjfo,B504,drdoom,Entertainment,182,63,25638,3.89,56,59,0
SUJ90Dq_9pM,C106,realrainproductions,Comedy,744,345,831,4.95,173,3,0
sUkXPs-oAF8,A3,djingen,News & Politics,792,212,297,0,0,0,1
sVdXsaVUcDk,FULL Cellphone footage of the execution of Saddam Hussein,milesken, UNA ,0,241,1390,3.67,6,0,1
svuGVb3a2ZE,A612,cristtadivariuss,Music,696,160,4034,2,16,3,1
sVVDoankPI0,C65,masun2,Entertainment,743,35,14257,4.93,14,8,0
swmxK9hCSwQ,A541,CosmicNoodle13,Music,707,100,195,0,0,1,1
SWu8YJXmq74,B463,chshale8923,Howto & DIY,765,221,21302,4.64,50,62,0
sYEHiAVZHR8,A436,Ken34,Gadgets & Games,562,80,5029,1.5,20,11,1
sYW2kA1nNE4,B216,TheMomoZone,People & Blogs,631,450,13660,4.82,177,103,0
t0NNkTp6Iog,B80,ciabreakers, UNA ,0,109,92851,4.43,202,180,0
T0s-Bxg2iNY,B312,BSDorn,Comedy,738,231,60277,4.55,161,78,0
t1oQEVjdnUI,C152,spricket24,Gadgets & Games,744,180,1856,4.11,141,170,0
T5_P1s9YzGw,A70,jmvc16,Sports,792,262,578,0,0,2,1
t7netzbJErc,A168,syshl,News & Politics,793,167,33,0,0,0,1
T7rWh654214,B466,rmaher07,Sports,611,212,11114,4.07,27,62,0
t9QxHtptvn0,A251,nwo2010,News & Politics,790,19,9622,2.58,55,134,1
t9QxHtptvn0,B137,nwo2010,News & Politics,790,70,9622,2.58,55,134,0
tbUjrMjBl-Q,A448,amyman666,Music,536,33,1540,2.22,9,13,1
TCWI9P8kUbs,A273,tW34kPK,Gadgets & Games,748,181,1638,2,3,5,1
tdguHzgVDhM,B346,SixRR1073,Entertainment,740,187,6289,4.94,69,74,0
tdRJou6pMX0,C101,miaarose,Music,745,181,2976,4.4,527,342,0
tdY63tX9tIg,A10,agmdigital,Entertainment,532,189,20104,4.48,27,13,1
TfnV3vuuUQ4,Gol de Messi al Getafe Copa del Rey Maradona,bokeron303,Sports,792,3,341,0,0,0,1
tgZDtFVdCVA,A14,Dave11,Gadgets & Games,268,274,24181,1.9,74,63,1
tgZDtFVdCVA,B451,Dave11,Gadgets & Games,268,173,24181,4.41,74,63,0
THMdK7eWhl0,C67,Litchart,Comedy,743,24,13992,3.76,49,27,0
tIJrML9uw-o,C18,NaraIno,Howto & DIY,744,1444,32344,4.9,263,233,0
TIXPTKSmcZI,C56,piyopiyoGintama,Film & Animation,744,641,15263,4.87,45,7,0
TJEe7wRxEVw,A617,soccerstar99,News & Politics,791,170,292,0,0,0,1
TjyatQpIVUE,A539,anatketani,People & Blogs,761,158,258,1,2,0,1
tLk7i2xU7_g,A469,CBSNewsOnline,News & Politics,791,124,263,2.3,3,6,1
TLTkNX6BbTo,A172,tevivasel,People & Blogs,726,235,29,0,0,0,1
TlV07O9aL-I,A101,accademybeautyarts,Film & Animation,619,226,168,2.2,1,0,1
TmaXlrNQa_4,B435,vidcrazy77,Comedy,717,130,38436,4.91,101,65,0
TmUpcqjIEg0,B423,NBC,Entertainment,705,62,200593,4.58,364,65,0
Tn1aYqtYIpQ,A262,AniMeFREaK34,People & Blogs,790,11,1713,3,6,15,1
Tn-Twl0wAfQ,C43,carmelodevisu,Music,743,45,18217,4.36,33,32,0
ToKbv-i96VI,B394,Saviosobe,Howto & DIY,777,205,7174,4.1,71,68,0
TPhdmqcgoUo,A79,lutubv,Music,674,152,9048,4,5,2,1
tqAMeFTw2HQ,A621,MoonGoddessNakanee,News & Politics,793,270,3,0,0,0,1
TQBqfpzhweU,B14,Naruto083,Film & Animation,460,279,628364,4.82,2418,485,0
tsjSaaINWPU,B43,leavemealone347,Gadgets & Games,459,273,158901,4.5,260,265,0
tSte8m4Da6A,B584,xshamx,Gadgets & Games,439,32,22579,4.84,45,52,0
tTowf1nfdkE,A609,Barcawinner,Sports,792,91,4904,1.5,8,6,1
TTyLJDKfQYM,A411,remembertech,News & Politics,793,115,131,1.1,1,0,1
tU48Hj4_GgY,B93,MASTERLINKX,Gadgets & Games,511,90,40886,4.41,172,169,0
TucZHKEeV1M,A434,RockHoward360,Gadgets & Games,644,22,9859,1.7,23,20,1
TuIjBbe59LE,C33,rayray200123,Film & Animation,743,575,23766,4.85,95,69,0
TUvdWeAgT4g,B570,aldagmc,Music,568,112,119616,4.75,183,53,0
TUwwT8pFvfM,A575,Panicatthediscos,Entertainment,685,15,1110,3.67,6,3,1
TuyVjPiQRaE,B228,elvikingodaniel,Music,411,159,52478,4.79,179,99,0
TWhXb_nHuS8,Re: Re: Good Girls Vlog,TheInsultSockPuppet,People & Blogs,791,176,684,4.17,6,3,1
tWjWa1lpKng,A585,cvc7chris,Entertainment,790,105,2167,4,4,9,1
tWmYKTcuL5s,A221,Bdawg0701,Entertainment,756,6,316,1.8,3,3,1
Twp1gReEecM,C34,AnimeUploader320,Film & Animation,744,560,23291,4.93,260,115,0
twVG7AM2FdA,A63,acurajustin,News & Politics,791,211,2559,3.12,8,18,1
tY3ktuERauY,C184,johnnysmooth,Comedy,743,135,691,4.73,33,82,0
tYKIHDu-KL0,B79,ckastius,News & Politics,660,260,10725,2,151,181,0
T-z4u5rU8Po,A553,FARRERO69,Entertainment,740,26,135,0,0,0,1
TZKubRc3n5Y,C119,nickynik,Entertainment,744,317,1032,4.9,131,125,0
tzyJQUWPguY,A333,TheWestTower,News & Politics,793,94,7,0,0,0,1
u1YCZOivqIA,B409,Snoopfmppp,News & Politics,784,105,4541,3.74,27,67,0
U227N9N8FB8,A463,yipsplace,News & Politics,793,199,9,0,0,0,1
U3euLlSdy2c,B184,mikejmon333,News & Politics,533,33,29372,3.3,27,113,0
U43ve9W_CTw,B36,thetenderloins,Comedy,753,296,56771,4.57,620,284,0
U8pqExwa00g,A25,Jayson619,Gadgets & Games,385,149,3026,4.71,7,7,1
U8sShfoHnQ8,B497,senio0orita,Travel & Places,545,374,34726,4.88,66,59,0
u8ViPbdPvoc,A220,SWATLEADER911,Gadgets & Games,771,151,167,4.86,7,2,1
u9eAC6RgRN4,C166,1butterflykiss,Entertainment,744,157,273,4.6,15,155,0
UaavxSpG2aA,C157,nickynik,Entertainment,744,525,834,4.92,88,30,0
Ub440-udh0A,C59,DePeut,Music,744,299,14753,1.8,5,4,1
uBGKQIM9MpI,A184,ikoolaid,News & Politics,778,103,47,1,2,1,1
ubO6Htyofp0,A248,jsimon99,People & Blogs,792,71,151,1.9,1,1,1
UBYtX54HlcY,A43,fcbarcelona,Sports,777,86,1514,0,0,0,1
uc2kbhGYEJ0,A150,matadorqk,News & Politics,791,55,408,3.67,3,2,1
uEWMQfQKxZI,B437,Endstufe,Gadgets & Games,433,172,18101,3.52,50,64,0
uEyVCkTashw,C178,brettkeane,People & Blogs,744,285,1120,4.56,93,95,0
uFcaRG7xQco,A1,yweditor,News & Politics,792,252,401,5,6,3,1
Ug8VP2c30bU,A170,mcelectricchair,People & Blogs,788,141,565,4.88,17,25,1
uhvKYzKwf88,B110,usammon,Comedy,559,234,48495,4.75,165,154,0
ui0Oy-Bk7gI,C85,elbey07,People & Blogs,744,55,12048,3.67,3,3,1
UI9QuNvGoeg,B26,tapoutgrapler, UNA ,0,178,574869,3.51,485,328,0
UiG5y6rN30M,B348,ChillyGolemX,Comedy,780,115,26514,4.31,84,74,0
uiq14h3Vp08,B70,dumxdumpling,Music,506,172,25840,4.61,179,194,0
U-js3oVb0uY,A627,djares01,Sports,792,89,545,1.5,1,0,1
UKCrykM-V04,A370,MasterGeeeeee,Entertainment,771,16,318,3,4,11,1
ukjrl64mPi8,C183,thedakkster,News & Politics,744,378,579,3.47,34,83,0
ukzFwRoFj4k,B531,super1600,Film & Animation,636,385,25509,4.44,64,56,0
UmbRq-OkPuM,B479,ALFD3S,Comedy,719,245,43678,1.71,85,61,0
unS7bECKTVQ,B280,lilmanash,Music,697,265,111126,4.9,267,85,0
uNYD0yJ3cL0,B559,anemontr,Pets & Animals,777,272,41879,2.41,104,54,0
unYsS-MJ-lA,C142,animekub,Film & Animation,744,1394,7081,4.93,104,68,0
UnywXzZ4eGw,A472,dmxez,Sports,511,210,16515,4.83,23,17,1
Upc4WoEWpcU,A392,fricki62,Comedy,759,160,196,0,0,0,1
U-QOEw7OKNg,B240,Annaa09,Music,560,315,13483,4.14,69,95,0
UQwpnKIFOJc,B161,szbproductions,Film & Animation,669,143,19362,3.5,44,120,0
uR6EqGuElpo,A586,dieguitocarp99,Sports,743,90,1386,1.9,1,0,1
U-RrJo8TDWw,B516,cdawg1982,Entertainment,772,38,25062,4.86,21,58,0
uT0WOaShXM0,A573,fight4it,News & Politics,733,222,405,1.6,3,5,1
uTPfTfgT-Vo,C3,ThePatriotsMaxim,News & Politics,743,28,82363,4.23,293,458,0
uwI7_tNDSng,A212,barcelonho,Sports,793,3,930,1.5,1,0,1
uwoQ2CYb2L8,A169,polpresenta,Sports,792,33,1565,0,0,0,1
Ux_8UbiBLWc,A394,myddy,News & Politics,749,231,79,0,0,0,1
Ux_m8SnVL2o,B353,THEspifinator,Comedy,412,205,82389,2.79,175,73,0
ux9D5OUD0DM,A294,Joselite2007,Entertainment,751,78,109,5,2,2,1
UX-uGtbn6Rw,A55,RememberMarla,News & Politics,791,36,15,0,0,0,1
uXwrcTSLUek,A103,Devo505,Travel & Places,538,172,7131,4.2,5,3,1
uY0qglN0e5c,B263,studentdotcom,Comedy,781,24,18335,4.8,216,88,0
uyh1hs6wAMc,A534,jonblaze87,News & Politics,791,182,587,0,6,13,1
uYsbNiRKfCU,A564,ezzerx,Gadgets & Games,647,63,2628,1.6,8,2,1
UZeKBlDaD0g,A102,chivi007,News & Politics,771,196,289,3.4,5,6,1
v0LeLdN2azI,C196,thereaganite84,News & Politics,738,115,9942,2.88,169,343,0
v0zIGOx01B4,A451,ReeperTheSeeker,Comedy,788,171,263,4,1,0,1
v1JcIK9RkPU,B90,jezuzfreek777,People & Blogs,784,350,2866,3.62,104,172,0
v1VWTpA2A2o,A244,draketube,Sports,430,219,1594,4.77,39,13,1
V5Asmx7-iCw,Re: Good Girls Vlog,Dexadrenaline,People & Blogs,792,14,50,0,0,0,1
V6N-z-gTG4k,A41,fcbarcelona,Sports,777,84,1083,0,0,0,1
V6VrOmpJv34,B480,alvaromusculoso,Music,627,249,11340,3.42,38,61,0
v7KmeXGvMWE,A470,daniel2008huang,Film & Animation,793,256,0,0,0,0,1
V8U7rc_heIA,A395,agtfan2050,Entertainment,770,277,1037,2.33,3,1,1
v9Ft0nxOa-U,B151,NewWarriorMan,News & Politics,790,134,4827,4.31,36,125,0
V9xCm1KIynk,A625,Ken34,Gadgets & Games,562,119,724,1.6,3,2,1
vBFI_pW8z9g,A69,BarbecueWeb,People & Blogs,721,80,555,5,4,3,1
vbtKo3uA79U,A190,magicman606,Entertainment,791,99,879,5,2,0,1
Vd7sJi64iBg,B511,peruano123,Music,519,341,56612,4.41,37,58,0
VDGQlW9j9h4,A544,NCProud,News & Politics,768,46,1009,1.5,3,0,1
VdWFqh--IP0,A479,troglodyt33,News & Politics,596,253,1583,3,5,2,1
VdzK6krFVkM,A484,SCODgreenhood,News & Politics,774,21,242,2.6,20,11,1
Vef6OLOSoSw,C105,Karla193,Entertainment,744,579,10355,4.8,191,100,0
VESPFmHMwb0,A87,acurajustin,News & Politics,791,55,391,3.33,3,13,1
VGKOJF1MCjc,B8,abbegirl,Comedy,612,127,151975,3.98,747,549,0
VGmKR7TOjbE,C121,geerawrd111,Howto & DIY,744,463,2103,4.8,136,34,0
VGPI_l4e9oI,A286,ChrisGoulstone,Music,641,153,885,1.4,1,1,1
vGvDDn4FwRM,B550,dpstudio,People & Blogs,785,331,1368,4.9,30,55,0
vHa1wWoPXf4,A375,jameswbailey,Film & Animation,790,40,652,5,1,0,1
vhIJyBh789A,B275,BJfresh,News & Politics,643,287,31119,4.09,75,85,0
VIjfCJ9gSBw,B541,mtamorphis,Entertainment,754,223,619,4.75,24,56,0
vKFAX7mhBLQ,B260,jenny01s,Entertainment,433,92,76001,4.72,131,88,0
VLnwp9vax1g,A209,berylog,Howto & DIY,741,204,1118,3,1,1,1
VNj1UOgacMA,B597,doortag,Comedy,559,270,65615,4.86,201,51,0
VnutcpaEdL8,B454,g0at,People & Blogs,791,268,1051,4.22,60,63,0
VodJzLm_3SM,A631,ChainCraig, UNA ,0,98,2194,2.3,43,54,1
VodJzLm_3SM,B554,ChainCraig, UNA ,0,254,2194,2.3,43,54,0
voLJ-eGUB-4,B39,thereverend19,Entertainment,729,186,12052,4.55,89,271,0
VpllfeDQQbo,C158,Opheicus,Film & Animation,744,599,10611,4.91,88,27,0
VpObD0RLdXQ,B393,JakZZZ,Music,625,178,109658,4.52,190,68,0
VPSVWsenRVA,B166,cazza2k6,Music,555,467,3984,2.16,38,118,0
vPZdQ6UX8p0,A475,cyserrano,News & Politics,790,85,2554,3,2,1,1
vqbRxEuSQaQ,C116,SelimBA88,Music,744,205,516,3.85,253,0,0
VqEcsYRZmAY,A431,theleedslads,Comedy,525,49,172,0,0,0,1
vQWAVSKlzuU,A270,scorpio88,News & Politics,792,97,346,3.8,5,3,1
VrA-iXh8e9Q,A49,thefunniestone,Entertainment,772,32,336,3.67,3,0,1
VRxOOeu6qTA,C74,zaman4242,Comedy,743,589,13094,4.71,59,9,0
vs8XVyKTmTE,A242,duder673,Entertainment,764,202,2661,2.5,11,14,1
vS951LZyv9Y,B129,nalts,Comedy,782,53,10452,4.38,254,142,0
vsmVYjq1aP8,B404,youry95,Entertainment,423,302,25358,4.69,156,67,0
VSRZML_lq7M,RE: Virginia Tech Tribute ,reymon14productions,Entertainment,792,56,260,4.11,9,3,1
Vu04syC2ktk,C107,Emmalina,People & Blogs,743,303,9257,4.15,269,297,0
Vub_oFgXMkE,A134,Joselite2007,News & Politics,736,94,100,5,4,1,1
vUWqRhReaZk,C145,picster,Film & Animation,744,314,8519,4.84,106,56,0
VVkRHQBR_7I,B331,denmay88,Entertainment,605,270,51257,4.92,291,75,0
VVUeFH-xHtQ,A208,AlreadyKnownAs,Howto & DIY,791,282,89,1.9,5,0,1
vXedXXL287o,A235,pustudent,News & Politics,791,247,11303,4.37,38,59,1
vXedXXL287o,B495,pustudent,News & Politics,791,340,11303,4.37,38,59,0
Vy-15QbpmRY,C202,GeorgeLikesTacos,People & Blogs,738,180,31073,3.72,191,237,0
VYpfbutsVCc,B529,Morbasura,Comedy,652,43,35097,4.88,153,56,0
vZKbUYl13UY,C93,EvilDarkDevil,Music,739,218,83176,4.7,53,102,0
w6K9at6VkXI,A557,rachidcasawac,Comedy,738,210,60011,4.46,24,13,1
w9DNzx0tADQ,A341,hisoc8y,Sports,793,149,501,1,8,10,1
W9p5dFWyHf8,A153,flimzee00,Gadgets & Games,743,103,1857,4.8,5,6,1
WAi3dazcQAk,B431,Ravendark82,News & Politics,538,108,18241,2.14,7,65,0
Wb5sKLkX2O4,A218,miclolord,News & Politics,793,105,990,0,0,1,1
wd6QSwuyUkg,B503,pelican98,Gadgets & Games,423,295,7884,4.71,94,59,0
wDerKo_KKw,A78,Gaaralover4ever,Film & Animation,780,41,165,1.9,5,4,1
WetOpVDnTPE,A456,ponyride23,Sports,573,73,12650,0,21,7,1
wexJEFOZjBY,A588,YOtheYayslaps,People & Blogs,791,208,1185,1.83,6,0,1
wGUZLxVwJRQ,B146,LilJonwsc,Comedy,281,11,223907,4.74,410,128,0
WHo0gJ6DWPc,B44,streetgangs,News & Politics,756,218,49701,4.46,87,264,0
wHQahY58Tbg,B98,PukkaPie55,Gadgets & Games,777,616,10140,3.57,63,164,0
WHxmRkA0iak,C25,CIoudywolf,Film & Animation,744,646,28013,4.83,192,63,0
Wj4fh45fBZo,B430,Johnnien,Film & Animation,372,178,60885,4.7,138,65,0
WJCnm74Ltic,A4,crowleyjohnp,Autos & Vehicles,677,31,570,0,0,0,1
wJVZJtzyWlI,B421,tkny6969,Music,388,196,19128,4.66,61,66,0
wJWC_0UwkCU,A421,theleedslads,Comedy,531,64,158,0,0,1,1
wkrDYR-pd7I,B489,MoneyindabankII,News & Politics,790,95,8622,4.64,11,60,0
wKxm51ZfYho,A538,psychodoyle2002,Music,792,258,163,5,2,5,1
Wlytv1s92xM,B520,skinnynick07,Music,539,86,12548,4.03,33,57,0
wmNe0aqOUyg,A176,sarahkailyn,People & Blogs,757,146,12,0,0,0,1
WN_ZwyzJFhA,B219,Ottawarocket,Music,760,337,540,4.71,31,101,0
wN3T76snEaE,A32,fcbarcelona,Sports,792,94,1803,0,0,0,1
wNY0Ri5Ltzk,B461,rderby,Gadgets & Games,487,112,13466,4.55,64,63,0
WoRJOozDSLU,C97,dydydyman,People & Blogs,739,41,74171,4.67,6,3,1
WPfvGoAOSac,A274,xaviercastella,Sports,788,56,865,5,1,0,1
wPo_6xh77PA,A249,doctorghlala0147,Music,765,61,2089,1.4,6,2,1
WPudBm7guNo,B283,STICH666,Comedy,754,131,29793,4.7,158,84,0
W-qJaow1Kf0,B257,raclureinparis,Comedy,761,85,33565,4.69,100,88,0
WqW8uD6WuLI,B372,memento18183,Music,637,298,6034,4.64,53,71,0
wQxq6aDRh0U,A174,jhanson84,News & Politics,791,122,21491,4.81,119,77,1
wQxq6aDRh0U,B317,jhanson84,News & Politics,791,286,21491,4.81,119,77,0
wq-zNhJgr94,Re: Good Girls Vlog,InsultAlien, UNA ,0,48,732,3.67,18,8,1
WrgBDOVjG3k,A358,IB1234,Howto & DIY,624,212,2446,4.43,14,5,1
WRJJ5c66UkI,B347,blackmovieguy,People & Blogs,547,208,20211,4.46,67,74,0
wRtbeJNVIZY,A355,dr1v3by,News & Politics,790,17,961,2.1,2,7,1
wSoG3esKrjc,A48,fcbarcelona,Sports,776,231,8701,0,0,0,1
WSyDIgEEOqU,A619,kababm,Entertainment,716,20,2795,4.33,6,8,1
wT92b0IdyYs,A277,urbanfervor,News & Politics,791,241,3102,3,2,14,1
wtWr7KHtMj4,A238,garethwynw,News & Politics,748,54,442,4.5,2,1,1
WX1EIq1d9ps,A62,acurajustin,News & Politics,791,49,973,4.5,2,0,1
wy1qHwnckRI,C147,Danielbeast,People & Blogs,745,61,10123,4.29,131,92,0
wZUAB9m2UtU,A299,CBSNewsOnline,News & Politics,790,97,24688,4.76,127,45,1
wZUAB9m2UtU,B127,CBSNewsOnline,News & Politics,790,329,24688,4.76,127,142,0
X4YihETkP6M,A23,brentgoldberg,Entertainment,776,160,680,4.29,7,7,1
x5jCYAQcw1c,B187,exveemon160,Film & Animation,555,336,18446,4.84,217,112,0
x80JvAd0uGQ,A245,khoidinh3,Entertainment,645,265,7782,1,14,11,1
x9UspFdCU-k,A522,avi3252,Entertainment,707,2,81,0,0,0,1
Xa6j-KVmg7s,A591,barcelonho,Sports,793,11,888,0,0,0,1
xAiMonRlzv4,B51,emilyxi6,Entertainment,787,268,26088,4.86,135,236,0
XCA4l81SwMo,B491,mikejmon333,News & Politics,525,263,8957,3.77,13,60,0
XefRMQj1FKo,A600,daniel2008huang,News & Politics,791,267,652,5,2,0,1
xehQPfgJj7g,B569,kikuchi,Entertainment,363,63,63659,4.77,95,53,0
XeuRyLTWvnA,B519,camilojaramillo,Entertainment,686,493,60169,4.73,106,57,0
xf31OBvRXFY,A361,vvwhg,News & Politics,793,258,55,0,0,0,1
xF70Vfp9vxc,A281,coolEric1025,Entertainment,772,49,2598,3.45,20,9,1
XfWcFy63rnY,C146,piyopiyoBLEACH,Film & Animation,744,474,10733,4.85,99,65,0
Xgi_G69xk58,B61,tootal16,Comedy,549,207,58790,4.45,186,202,0
Xh4UIrg-7wI,B286,Erjuanico,Entertainment,753,56,60982,4.67,132,84,0
XHBI_lNI1h0,A143,BadTasteAdmitted,Entertainment,793,179,1747,2.5,16,15,1
xHkkQYifeSc,B108,milaan66,Music,566,181,197174,4.69,108,155,0
XI_oWrseTKk,B308,eldirion,Music,603,395,26602,4.85,151,79,0
xIEoWSB63hI,B95,supportpeace,Music,628,271,87237,4.85,279,168,0
xIUXT_JY9qk,A267,boilerplate,Gadgets & Games,681,242,1051,4.8,5,12,1
XjWjnLoE83s,B242,djmdm,Gadgets & Games,444,120,106256,4.81,178,94,0
xKKDNl9zeZI,B5,CharlieRose,Entertainment,673,82,455213,4.05,641,638,0
XMaUXqLgqlE,A568,ringomaister,Sports,793,155,0,0,0,0,1
XmJn_iBU3io,A243,Joxershorts,Travel & Places,696,246,1258,4,2,0,1
XncvIZcZWdQ,A546,mauriciolobao,Sports,789,31,911,3.5,2,1,1
xNXMOoVx1kY,A19,hugobmg19,Sports,792,33,218,1.5,3,1,1
xozaChKS5yU,A474,danger817,Music,687,53,384,3.67,3,3,1
xp_hSc-dJKU,C180,davidchoimusic,People & Blogs,743,89,2551,3.4,63,90,0
XpbucPeq_Cs,A462,tava2003,Sports,793,271,48,0,0,0,1
xPcU3Ca-H5U,B136,kuchkuch992004,Music,667,255,105757,4.86,299,135,0
XpDeIY6K0hI,B547,VivaP1nata,People & Blogs,523,65,57600,3.41,39,55,0
XpmBSIDyqFg,A177,xhiddennemesisx,Film & Animation,513,28,28342,1.6,130,27,1
xPOPzXA7GbU,B377,Triquad022,Sports,672,207,90907,4.33,63,70,0
XQ7ohYtG0A4,A611,looneytoobs,Pets & Animals,768,242,29680,4.7,106,31,1
XQ7ohYtG0A4,B496,looneytoobs,Pets & Animals,768,82,29680,4.7,106,59,0
XQ8mWOE0eB0,A349,frapuano,Film & Animation,603,102,116,0,0,0,1
xSvbV-WrKQs,A268,boilerplate,Gadgets & Games,683,269,520,1.5,3,6,1
xT2dWgC8alo,A354,randomoniumshow,Comedy,752,104,2372,4.14,14,4,1
XtAncQ-NOE,A271,IceAdmin,News & Politics,790,160,10062,3.33,6,18,1
xw61tqdoQPM,B4,mysaaaa,People & Blogs,443,67,104056,4.42,509,749,0
xw9lufcqZUo,A29,fcbarcelona,Sports,793,76,1403,0,0,0,1
xWB6Kk7JDc8,A214,ferrellw,Travel & Places,792,168,104,0,0,1,1
XWCTR3tXQFw,A109,Eman1121,News & Politics,791,183,2937,4.14,7,3,1
xXRvTe4jk4w,A264,mrdem78,News & Politics,792,22,1076,1.4,26,9,1
xzjcuqct8_U,A173,shirajkohli,News & Politics,793,12,546,1.5,1,2,1
y3kbFYt8LBM,C47,rayray200123,Film & Animation,744,279,17273,4.86,109,86,0
Y3pxukfIm7w,B492,kill594,Film & Animation,641,605,29875,4.8,103,60,0
Y4mew4LGusQ,B532,AlienComppany,Gadgets & Games,639,120,17522,4.29,51,56,0
Y7fgSlAPw8U,B333,Magnulus,Pets & Animals,783,163,12135,4.72,40,75,0
Y9iaLCu-aKI,A400,zeuslove1,Comedy,736,11,907,0,0,1,1
YAC1ttwkZVY,A86,acurajustin,News & Politics,791,229,1074,3.67,3,5,1
YDVzPMhA16c,A278,urbanfervor,News & Politics,791,163,5085,3.67,9,17,1
YDwWtFkvDjQ,A556,HaiTien78,Gadgets & Games,587,102,13846,2,27,23,1
yesXwwoKriM,B362,kalikasa,Entertainment,780,59,33295,5,63,72,0
yFX1yStKkQ4,B117,JDSmart,Comedy,760,513,32551,4.85,398,148,0
ygxdGqH6w6Q,A96,voodoovodka2001,News & Politics,793,226,19,0,0,0,1
YifsORex3dI,A204,RememberMarla,News & Politics,759,273,61,0,0,0,1
yILZM7X07tg,C133,DiGiTiLsOuL,People & Blogs,744,522,1199,4.78,116,110,0
yM_pgZiMS80,B592,BrickLaneBetty,Music,784,188,3980,4.62,39,52,0
ymRqnLxbo5Y,C140,Daxflame,People & Blogs,744,373,3754,4.12,162,223,0
ynN1MBaPPq0,B109,latropa64,News & Politics,790,269,40861,1.75,141,154,0
YOiuiCybtBw,A272,Yani99ad,Sports,697,149,8514,4.43,7,1,1
yOjEFoBJQ4U,A284,BennBfc,Sports,793,244,657,1.8,3,1,1
ypylG8gsgGA,B30,ivanwafoo, UNA ,0,109,300701,3.43,195,304,0
YqHGdm44TPw,B537,pseudosara21,People & Blogs,786,53,3946,4.41,27,56,0
Yqw_8lvwmT4,B234,jefalber,Autos & Vehicles,535,37,54299,4.22,144,96,0
YqXsAC8BHIc,B217,jongil33,News & Politics,791,244,6706,3.66,77,102,0
YSDO5uJZMek,B126,Redmond88,Entertainment,700,65,34920,4.56,25,143,0
ySJ8zHu8JgI,A570,coldice76,News & Politics,790,83,592,4.6,5,6,1
ysm25sLs4TI,Re: Original Song Dedicated To Families Of Virginia Tech Victims,Dexadrenaline,Music,792,7,142,0,0,0,1
yusfVp1687M,A414,phoenixgenesis,News & Politics,791,242,1497,2,12,5,1
YUUprz5YXuM,B359,itomz,Music,523,307,58754,3.74,58,72,0
YxMq9pa1rO8,C104,Rezikai,Film & Animation,744,1384,5624,4.87,202,105,0
yZ6zkqIXC1o,A508,wilso2k3,Entertainment,767,181,251,2,1,3,1
yZ9KhDY7frw,C102,SiIentKiller,Film & Animation,744,649,9653,4.93,257,108,0
YZYqX-2bYy4,B186,gozukipl,Film & Animation,602,89,40749,4.81,125,112,0
Z_qo50sAz0k,B72,JACproductions,Entertainment,483,325,25802,4.91,453,192,0
Z4egOMGfffI,A194,MasterFX2000,Howto & DIY,628,78,5835,4.55,11,13,1
z4TmpyntS5U,C124,Zipster08,Travel & Places,744,212,2535,4.74,137,150,0
Z68oRkUxdso,B295,k6tpl,News & Politics,786,326,4321,4.67,21,82,0
z9oILqAjRJ0,A123,Sam9858,News & Politics,791,59,1675,4.5,8,3,1
zbMIjDEjyTw,C28,casiotoneforthe,People & Blogs,744,32,26367,3.48,83,44,0
zbpeFZLt1Us,C120,Wrathchild19,Music,744,397,9441,4.8,139,36,0
zdptyYWPCO0,B251,notquiteidentified,Music,722,241,68405,4.91,176,90,0
zdvpw86_qkg,A100,bigpebble47,News & Politics,791,203,946,1.9,4,5,1
ZEB5Ypqg34A,B313,Saata,Music,650,259,96776,4.87,267,78,0
Zf03cTvhEfw,B374,NewMexicosCW,Entertainment,786,74,11525,4.59,17,71,0
ZFFE4-IIscE,B78,NYStreetRacer,Autos & Vehicles,382,343,183001,4.73,315,182,0
zidbgMA4CJk,A159,AlexxxPerales,Gadgets & Games,331,220,100170,1,24,173,1
zidbgMA4CJk,B88,AlexxxPerales,Gadgets & Games,331,209,100170,4.81,288,173,0
zkbeFTLF8Rg,A146,LEIRBAGG09,Autos & Vehicles,716,157,7693,4.75,4,5,1
zlkjBCcfolQ,B163,lexluthor23,Music,540,98,63168,4.78,220,120,0
zMqLVmCQLi8,B388,snookie77,Comedy,627,94,157781,4.74,234,69,0
zmTiO94Q4k8,Re: What Is Dance to Me?,DroppingTheShopping,People & Blogs,791,31,91,0,0,0,1
ZN50iuAPrRo,A59,urbanfervor,News & Politics,791,121,5823,1,15,21,1
ZN7cyJFzB-M,B23,iheartdelsols,News & Politics,548,167,47213,4.84,886,375,0
Znml0fuLfN4,A31,fcbarcelona,Sports,792,73,1282,0,0,0,1
zNoNcWbD8Yw,A151,AnimeWitch315,Film & Animation,741,254,148,2,1,2,1
Zoh42WW3Ilg,Re: CHURCH OF BALACLAVAS HAHAHA,Dexadrenaline,Entertainment,788,23,39,2.33,3,2,1
zQjClzjAaok,B181,Utawarezen,Gadgets & Games,783,257,10352,4.95,75,114,0
zrd4NkpoozQ,A107,roymustang86,Entertainment,745,229,1887,4.75,4,2,1
zRUtVQAAu0I,A315,flimzee00,Gadgets & Games,522,224,4911,3.87,15,26,1
zSi2XAzXs4o,B438,thenakednews, UNA ,0,248,201349,3.86,221,64,0
zsib0OFqbt0,B253,screwattack,Gadgets & Games,506,26,27753,3.89,151,89,0
ZssOJR0qGsE,A308,OldemarFIN,Music,651,209,865,1.8,5,2,1
zSUwwfqLs_o,B344,Schlechtwetterfront,Music,648,315,11500,4.14,73,74,0
ztPQieRucKE,B314,jeffliff,Sports,648,45,9638,3.51,35,78,0
ZXY8IPXzg4U,B232,Lyluriel, UNA ,0,269,16984,4.58,211,97,0
ZYvRahmdjPU,B514,predator62,Sports,762,235,14284,4.91,44,58,0
ZYZyAQXDxuI,C46,eweeeee,News & Politics,743,104,17512,4.27,11,16,0
abc,C100,DorkmanScott,Entertainment,744,596,7573,4.89,471,304,0
def,C137,minouye,People & Blogs,744,229,1714,4.61,120,44,0
ghi,C171,vlada3,Music,743,272,684,4.74,78,124,0
eded,C192,LUCYinLA,People & Blogs,744,448,983,4.04,84,75,0
sxs,B11,boh3m3,Entertainment,694,126,24639,4.14,795,506,0
asd,B76,KrazySteph14,Music,754,251,117527,4.87,328,184,0
esdfr,B132,davelehre,People & Blogs,702,75,38876,4.61,185,139,0
fnrkf,B138,spunone,Entertainment,442,14,134720,4.34,208,134,0
bngh,B149,dudeiwantacar,People & Blogs,791,68,9366,4.4,72,126,0
qwer,B556,ellboy45,Entertainment,697,443,9226,4.74,50,54,0
eof,0,0,0,0,0,0,0,0,0,0
